AmpID,chr,amplicon_start,insert_start,insert_end,amplicon_end,Ref_Genome,fwd_seq,rev_seq,amplicon_seq,Targets
AML_v2_NRAS_115256512,chr1,115256488,115256513,115256701,115256723,hg19,CTGTCCTCATGTATTGGTCTCTCAT,GGCAGAAATGGGCTTGAATAGT,CTGTCCTCATGTATTGGTCTCTCATGGCACTGTACTCTTCTTGTCCAGCTGTATCCAGTATGTCCAACAAACAGGTTTCACCATCTATAACCACTTGTTTTCTGTAAGAATCCTGGGGGTGTGGAGGGTAAGGGGGCAGGGAGGGAGGGAAGTTCAATTTTTATTAAAAACCACAGGGAATGCAATGCTATTGCCAAGGTTAAATAAGCATCTAACTATTCAAGCCCATTTCTGCC,NRAS:p.Q61H; NRAS:p.Q61R; NRAS:p.Q61K
AML_v2_NRAS_115258635,chr1,115258610,115258636,115258800,115258825,hg19,GTAAAGATGATCCGACAAGTGAGAGA,TTAACCCTGATTACTGGTTTCCAAC,GTAAAGATGATCCGACAAGTGAGAGACAGGATCAGGTCAGCGGGCTACCACTGGGCCTCACCTCTATGGTGGGATCATATTCATCTACAAAGTGGTTCTGGATTAGCTGGATTGTCAGTGCGCTTTTCCCAACACCACCTGCTCCAACCACCACCAGTTTGTACTCAGTCATTTCACACCAGCAAGAACCTGTTGGAAACCAGTAATCAGGGTTAA,NRAS:p.G13D; NRAS:p.G13R; NRAS:p.G12D; NRAS:p.G12S
AML_v2_DNMT3A_25457166,chr2,25457144,25457167,25457352,25457372,hg19,TCCCTTACACACACGCAAAATAC,GGTCCTGCTGTGTGGTTAGA,TCCCTTACACACACGCAAAATACTCCTTCAGCGGAGCGAAGAGGTGGCGGATGACTGGCACGCTCCATGACCGGCCCAGCAGTCTCTGCCTCGCCAAGCGGCTCATGTTGGAGACGTCAGTATAGTGGACTGGGAAACCAAATACCCTGGGGGAGAAAAGGCAGAGAGGGCAGGGTGAGTGCTGGCCAGACCAGGCTGCCCGGAAGCCGTCTAACCACACAGCAGGACC,DNMT3A:p.P904L; DNMT3A:p.R899H; DNMT3A:p.I898T; DNMT3A:p.W893S; DNMT3A:p.Q886E; DNMT3A:p.R882H; DNMT3A:p.S881N; DNMT3A:p.M880I; DNMT3A:p.N879D; DNMT3A:p.D876E; DNMT3A:p.F868V
AML_v2_DNMT3A_25458540,chr2,25458519,25458541,25458742,25458763,hg19,CAAGCACAGCAATCAGAACAGC,GTAGACGCATGACCAGTGTTG,CAAGCACAGCAATCAGAACAGCCACACCGCAGCCAGATGCCAGCACAACCCGGGTACCTTTCCATTTCAGTGCACCATAAGATGTCCTCTTTCTCATTCATGAAGACAGGAAAATGCTGGTCTTTGCCCTGCTTTATGGAGTTTGACCTCGTAGTAATGGTCCTCACTTTGCTGAACTAGATGAAGAGGAGAAAAGAGGAATAAGCACGAATTCATTCACCAGCCAACACTGGTCATGCGTCTAC,DNMT3A:p.E863D; DNMT3A:p.M852V; DNMT3A:p.P849L; DNMT3A:p.Q842*; DNMT3A:p.N838D; DNMT3A:p.T835M; DNMT3A:p.K829I; DNMT3A:c.2479-1G>T
AML_v2_DNMT3A_25459813,chr2,25459794,25459814,25460026,25460046,hg19,CTGGAGCTGACCTTGGCTAT,CGTGTGTTTGCGGGGAGTTT,CTGGAGCTGACCTTGGCTATCCTGCCATGCTCCAGACACTCCTGCAGCTCCAGCTTATCATTCACAGTGGATGCCAACGGCCTAGGAGGCAGAAGAGAGACTGTAACAACAGAAACCTGGATAACAGCGGGAAGGGCCCCAGCTGCACGACTCCCCTCCCTCCCCCAGCAGCCACTAGTTCACAGGGTAAGAGCCCCTTCCCCAAATCACGCACACACGTCATAACTCTCTTCAAACTCCCCGCAAACACACG,DNMT3A:p.H821R; DNMT3A:p.E817V
AML_v2_DNMT3A_25461902,chr2,25461881,25461903,25462117,25462137,hg19,AGCTAGTCATTCAGCAGAGGCC,CGCTGTTTCATGCTCCTCCT,AGCTAGTCATTCAGCAGAGGCCGGCCAGAGAGGGCCCGGCTCAGGGGCTTCCCCACTATGGGTCATCCCACCTGCAGTCCCAGCCCACAGCCCCCCAGGCCCAGGAGCTTTCACCAACCTGTTCATACCGGGAAGGTTACCCCAGAAGTAGCGGGCCCTGTGTGCAGCTGACACTTCTTTGGCATCAATCATCACAGGGTTGGACTACAAAACAGGAGACGGTTTGAAGATGAGCCAAGGAGGAGCATGAAACAGCG,DNMT3A:c.2408+5G>A; DNMT3A:p.R803G; DNMT3A:p.M801V; DNMT3A:p.N797K; DNMT3A:p.G796D; DNMT3A:p.W795C; DNMT3A:p.R792H; DNMT3A:p.P777R
AML_v2_DNMT3A_25463127,chr2,25463107,25463128,25463325,25463346,hg19,ATGAAGCAGCAGTCCAAGGTA,TGATGGCTTTCTCTTCCGACC,ATGAAGCAGCAGTCCAAGGTAGAAGCCATTAGTGAGCTGGCCAAACCAAGGTTGCTGGCTATACCTCGAGAAATCGCGAGATGTCCCTCTTGTCACTAACGCCCATGGCCACCACATTCTCAAAGAGCCAGAAGAAGGGGCGATCATCTCCCTCCTTGGGCCGCGCATCATGCAGGAGGCGGTAGAACTCAAAGAAGAGCCGGCCAGTGCCCTCTGAGAGGTCGGAAGAGAAAGCCATCA,DNMT3A:p.E774D; DNMT3A:p.L773I; DNMT3A:p.R771Q; DNMT3A:p.S770L; DNMT3A:p.A760P; DNMT3A:p.F752C; DNMT3A:p.F751L; DNMT3A:p.R749C; DNMT3A:p.R736H; DNMT3A:p.R736C; DNMT3A:p.F732*
AML_v2_DNMT3A_25463515,chr2,25463494,25463516,25463696,25463717,hg19,CAGGATGGTACCTACCGTAGAG,GGTCTCCTCTCTTTCGTGTCA,CAGGATGGTACCTACCGTAGAGGCCCTTGCGAGCAGGGTTGACGATGGAGAGGTCATTGCAGGGACTGCCCCCAATCACCAGATCGAATGGGCCCCACTCCTGGATCTGGGAGGATAAAGGCAACGTGATGGGCCTGCTGTCCAGGGACAGAGGCAGACAGGAAGAAAGAGAAATTATCTGTGAACTTGGCAAAGAAGTCCTTTGACACGAAAGAGAGGAGACC,DNMT3A:p.P718R; DNMT3A:p.V716D; DNMT3A:p.S714C; DNMT3A:p.L713F; DNMT3A:p.N711Y; DNMT3A:p.G707D; DNMT3A:p.I705T; DNMT3A:p.D702V; DNMT3A:p.G699D
AML_v2_DNMT3A_25464443,chr2,25464422,25464444,25464597,25464618,hg19,TGGACATACATGCTTCTGTGTG,GAGATGGCTCCAAGTAACGGT,TGGACATACATGCTTCTGTGTGACGCTGCGGACGTCCCCGACGTACATGATCTTCCCCTGGTGCCGCACCATGCCCACCGTGATGGAGTCCTCACACACCTCCGAGGCAATGTAGCGGTCCACCTGAATGCCCAAGTCCTTCAGCACCAGGAGCCCTGCACCAGCCAGCAGACAGCACCGTTACTTGGAGCCATCTC,DNMT3A:p.V690D; DNMT3A:p.R688S; DNMT3A:p.D686Y; DNMT3A:p.I681F; DNMT3A:p.S669C; DNMT3A:p.A662G; DNMT3A:p.Y660C; DNMT3A:p.L653F
AML_v2_DNMT3A_25466642,chr2,25466622,25466643,25466850,25466871,hg19,ACTTCACACACAAGCTTCCCC,CTGTTGTGCTCACTGCTTAGG,ACTTCACACACAAGCTTCCCCTTTGGGATAATATTTTAACAGCTGTGAAGCTAACCATCATTTCGTTTTGCCAGAGTTGCCCACACACCTGGCTCCCCCATCCTGGGACAAGGCGGCCAGCACCTCTTGGGCCTGCACCCCTCACCTGTAGCGATTCCATCAAAGAGAGACAGCACCCGGATGGGCTTCCTCTTCTCAGCTGGGACAGGTGGGTAAACCTTTGGAGGGTCCTAAGCAGTGAGCACAACAG,DNMT3A:p.L637Q; DNMT3A:p.R635Q
AML_v2_DNMT3A_25467033,chr2,25467013,25467034,25467200,25467220,hg19,CCAGCACTCACAAATTCCTGG,GGTCTCCTTCCAGGTGCTTT,CCAGCACTCACAAATTCCTGGTCGTGGTTATTAGCGAAGAACATCTGGAGCCGGGAGGGCCAGTCCTCTCGCCGCCGCAGCAGCCCGTAGGTACCCTTGTGCCCGCACATGTAGCAGTTCCAGGGGTCTTCCTTAATGGCTGCCTGGGCAGCCCCCGGCCCCACCAAGAGGTCCACACACTCCACGCAAAAGCACCTGGAAGGAGACC,DNMT3A:p.D614N; DNMT3A:p.Q606*; DNMT3A:p.R598Q; DNMT3A:p.L595P; DNMT3A:p.W581R; DNMT3A:p.E561K
AML_v2_DNMT3A_25467391,chr2,25467372,25467392,25467609,25467631,hg19,CAGCTAAGGAGACCACTGGA,GTCATGTCTTCAGGGCTTAGGC,CAGCTAAGGAGACCACTGGAGGCCACAACAGCCTCACCTGCAGCAGTTGTTGTTTCCGCACATGAGCACCTCACGGCCCCCACAGCAGATGGTGCAGTAGGACTGGTAGCCGTCGTCGTCGTACTGGTACGCACACTCCAGAAAGCAGTTCTAGACAGCAGCGGGAAGGGTCAGAAACCACCAGGACGGGTCCCAGGACGGCCAGGACGAAGGGAGGCTCCACACCTGGCCTCACAGAGCCTAAGCCCTGAAGACATGAC,DNMT3A:c.1667+1G>A; DNMT3A:p.C555*; DNMT3A:p.C554Y; DNMT3A:p.G550R; DNMT3A:p.L547H; DNMT3A:p.G543C; DNMT3A:p.C540Y; DNMT3A:p.Q527H
AML_v2_DNMT3A_25468130,chr2,25468111,25468131,25468310,25468332,hg19,TGTGCTCCTACCTTGCAGTT,CACCCTGGACTCTTTTCTGGCT,TGTGCTCCTACCTTGCAGTTTTGGCACATTCCTCCAACGAAGAGGGGGTGTTCCAGGGTAACATTGAGGCTCCCACAGGAGATGCAGATGTCTGGAAAGCAGAGGGAGGGGATGGGGTGAGTACCACCGAAGGGCCTCTCCCTCCCCGGGCCGGAGCCCAGCACCAGACCAGCCACAAAAAAGGGGTGTGCCAGAGCGGCAGCCAGAAAAGAGTCCAGGGTG,DNMT3A:p.M513I; DNMT3A:p.G511E; DNMT3A:p.C497Y; DNMT3A:p.C494Y
AML_v2_DNMT3A_25469026,chr2,25469007,25469027,25469210,25469231,hg19,TCTCCAGAAGCAGGCCAACT,TGGAGTTTCCTGTCAGCCTGT,TCTCCAGAAGCAGGCCAACTACCTCTTGTGCGCTCATCAATAATCTCCTTGACCTTGGGCTTCTCCGCTGTGCTCTTCCGGGGCTTTTTGGCTGGTGGAGGTGGTGCGTAGGCAGCTGCCTCAGGTTCCACCCACATGTCCGTGTACACTTCTTTGTAGGGATTCTTCTCTTCTGGAGGAGGAAAGCAGGTGCCAAGGTCAGTTACAGGCTGACAGGAAACTCCA,DNMT3A:c.1429+2T>C; DNMT3A:p.A447G; DNMT3A:p.E444_A445del; DNMT3A:p.Y436Lfs*9; DNMT3A:p.K429*
AML_v2_DNMT3A_25469428,chr2,25469408,25469429,25469586,25469606,hg19,TCCCTAAGCATGGCTTTCCCA,CACGACAGCGATGAGAGTGA,TCCCTAAGCATGGCTTTCCCAGCCCTGGTGTGGATCTGCCTGGCGGGCAGGGGTCCCAGAAAGCTGGGTGCCCTCATTTACCTTCTGGTGGCTCCAGGCCCTTAGGGCCAGAAGGCTGGAAGCCCCCCAGGGCCCATTCAATCATGGGCTTGTTCTGCACCTCCACGGCCTTGGCAGTGTCACTCTCATCGCTGTCGTG,DNMT3A:p.L422Afs*21; DNMT3A:p.W409*
AML_v2_DNMT3A_25469945,chr2,25469926,25469946,25470165,25470185,hg19,GACCTCGTAGATGGCTTTGC,GACTCCTCTTTGCATCGGGT,GACCTCGTAGATGGCTTTGCGGTACATGGGCTGCTTGTTGTACGTGGCCTGGTGGAACGCACTGCAAAACGAGCTCAGCGGCATCAGCTTCTCAACACACACCTGGGGGGACAAGCCAGGCCTTGTTTGCCGAGGCTTACACTTGCAAGCACCCACCCCATGCCTTGCAACTGGCAGGGGCTGGGAGCCTCGAGAGTCAGTCTCAGCCCTGGAGGGGACCAGATACAGTGATAAATAATTACCCGATGCAAAGAGGAGTC,DNMT3A:p.R366S; DNMT3A:p.L347P; DNMT3A:p.L344P
AML_v2_DNMT3A_25470423,chr2,25470404,25470424,25470643,25470663,hg19,CCCTGGGATCAAGAACCTTC,GCCTCGTGACCACTGTGTAA,CCCTGGGATCAAGAACCTTCCCCCACCCCAGGCTACTGCCAAACCCCACAACTTACCACTGAGAATTTGCCGTCTCCGAACCACATGACCCAGCGGGTGCCTTCAGCTGCTCGGCTCCGGCCCGTCATCCACCAAGACACAATGCGGCCTGGCCACCAGGAGAAGCCCCGCAGTTTCCCCCACACCAGCTCCCCAATGCCAAAGCCCCGGCCGTCCTGGAGCCCCAAGGAGCAGAAATCATTACACAGTGGTCACGAGGC,DNMT3A:p.W327*; DNMT3A:p.R320*; DNMT3A:p.W313*; DNMT3A:p.S312F; DNMT3A:p.P307R
AML_v2_DNMT3A_25470951,chr2,25470931,25470952,25471170,25471190,hg19,GCTTTGGTGGCATTCTTGTCC,CTTGAGTGTCAGGTGGCCTT,GCTTTGGTGGCATTCTTGTCCCCAGCATCGGACCCCACGGGCTCAGGCGTGGTAGCCACAGTGGGGGATGCGGGGTCAGTGGGCTGCTGCACAGCAGGAGGGCTGGCCTCCTCCACCTTCTGAGACTCCCCGGGCCCCTGGTTTTCTTCCACAGCATTCATTCCTGCAATGACCTTGGCTTTCTTCTCAGCCTGGGGAAACAAAAAACAAAAAGTCACCTTGACCTCTCCAGGAATTAGCAAGGCCACCTGACACTCAAG,DNMT3A:p.D268N
AML_v2_DNMT3A_25472538,chr2,25472516,25472539,25472704,25472728,hg19,ATCCTTTCACCGTATCACACTCG,GGTTTTCTCCCCTCTAAATCTGGT,ATCCTTTCACCGTATCACACTCGTCTTTCAGGCTACGATCCACGCGCCCATTCCTTCTCACAACCCGCTCCAGGATCCCTACAAAGGAGAATGAAATCCTTGATACTTAGCTCTGAGAACCATTAGCCTTTTACTGAATCTAGGAAACACGGCCCTCTGACTTCAAGGCTTTGCACCCATTTCCACCATACCAGATTTAGAGGGGAGAAAACC,DNMT3A:c.640-1437G>A
AML_v2_SF3B1_198266130,chr2,198266104,198266131,198266296,198266322,hg19,CTTTTACAATAAAAGCTTACCTGTCGG,CACGTAATCAGCAATGAGTATTCTCT,CTTTTACAATAAAAGCTTACCTGTCGGTAATTTCTTCTATCCAAAGCCATCCTGTGCTGCCAGAAGTGTTTAAAAAAGGGAGGAAGAATCTCTGTTTTAATGTAGTTTGCTTCTACACCATCTGTCCCACAACACTGTTTTACCACCTAAAAGGTTAAGAAATAGTAATAATAAATCAACTGACCTGAAATGAAGAGAATACTCATTGCTGATTACGTG,SF3B1:p.D799G
AML_v2_SF3B1_198266472,chr2,198266443,198266473,198266658,198266688,hg19,ATTAACAAATCTGGAATAATTACCTTCAGC,TTGATTTATCTTCATTAAAGTTAAGGCGAC,ATTAACAAATCTGGAATAATTACCTTCAGCACAATTTTTTTCATTTCCTCATCAGGAGACTGGAATTCTCGAATAAGGATTAACATCACTTCTCTAGTATAGTAGTTGGCATATTCTGCATCCATAAGAGGAATAAGATACCCAATAGCCTTCAAGAAAGCAGCCAAACCCTATTTTTAAATAAAAAATATATGTACTTTAGTAATTTAGATTTATGTCGCCTTAACTTTAATGAAGATAAATCAA,SF3B1:p.D781G; SF3B1:p.E776D; SF3B1:p.R775L; SF3B1:p.A749T; SF3B1:p.G742D; SF3B1:c.2224-1G>A
AML_v2_SF3B1_198266718,chr2,198266694,198266719,198266884,198266913,hg19,AATTGGTGGATTTACCTTTCCTCTG,GATATTGTGTAACTTAGGTAATGTTGGGG,AATTGGTGGATTTACCTTTCCTCTGTGTTGGCGGATACCCTTCCATAAAGGCTTTAACACAGAATCAAAAGATTCGATACCATAAGGAGTTGCTGCTTCAGCCAAGGCAGCAATGGCCAAAGCACTGATGGTCCGAACTTTCTGCTGCTCATCCACAAGACCTACAAAACCAAACACAGGTTTTAACTATGCCCCAACATTACCTAAGTTACACAATATC,SF3B1:p.I704N; SF3B1:p.V701F; SF3B1:p.K700E
AML_v2_SF3B1_198267340,chr2,198267320,198267341,198267543,198267569,hg19,GATGGCACAGCCCATAAGAAT,TTCTTTGTTTACATTTTAGGCTGCTG,GATGGCACAGCCCATAAGAATAGCTATCTGTTGTACAATCTTAATACCAGTGTGTCTCGCTTGCCAGGACTTCTTGCTTTTGCACACAGCTTTTAAGAAGGGCAATAAAGAAGGAATGCCCAGGGCAGAGGCTACAACAGCAAAAGCTCTAGCTGTTGTGTTACGGACATACTCATCCATGTTATCTATATCAGGTCTCATGGTAGAGATCATAGTAGCCAGACCAGCAGCCTAAAATGTAAACAAAGAA,SF3B1:p.A672V; SF3B1:p.K666N; SF3B1:p.H662D; SF3B1:p.R625C; SF3B1:p.S611F; SF3B1:p.G605D
AML_v2_IDH1_209113110,chr2,209113086,209113111,209113275,209113297,hg19,GACTTACTTGATCCCCATAAGCATG,CGTCAAATGTGCCACTATCACT,GACTTACTTGATCCCCATAAGCATGACGACCTATGATGATAGGTTTTACCCATCCACTCACAAGCCGGGGGATATTTTTGCAGATAATGGCTTCTCTGAAGACCGTGCCACCCAGAATATTTCGTATGGTGCCATTTGGTGATTTCCACATTTGTTTCAACTTGAACTCCTCAACCCTCTTCTCATCAGGAGTGATAGTGGCACATTTGACG,IDH1:p.R132H; IDH1:p.R132C
AML_v2_GATA2_128200102,chr3,128200078,128200103,128200305,128200327,hg19,TTTCTTGCTCTTCTTGGACTTGTTG,TTCCTGGAATGGTAGCCATCTG,TTTCTTGCTCTTCTTGGACTTGTTGGACATCTTCCGGTTCCGAGTCTGGATCCCTTCCTTCTTCATGGTCAGTGGCCTGTTAACCTAGAGGCAACCACCAGTTTTCAGAGGGCCAGTTCCTTCCTCCAGCAACATTCCTCCCACCCCGCCACAGCGTGGACCAGAGGCAGGTCAAGCTGAGGGTCCCAGGAAGCCAGGAATTGTGCCCGACCTTCATAGTCCCATCACCAGATGGCTACCATTCCAGGAA,GATA2:p.R398Q; GATA2:p.R398W
AML_v2_GATA2_128200689,chr3,128200669,128200690,128200905,128200928,hg19,AGCTTGTAGTAGAGGCCACAG,GTTCTGAGATGCTTTGATTCCCA,AGCTTGTAGTAGAGGCCACAGGCGTTGCAGACAGGGTCCCCGTTGGCGTTTCGGCGCCATAAGGTGGTGGTTGTCGTCTGACAATTTGCACAACAGGTGCCGGCTCTTCTGGCGGCCGACTGGGAGGGCAAGGCAGCGTCAGCAGGCTGGACTCCCACGCCCACCTCGACCCCCCTCCCTGACCCTCGCTCCACCCCCAGTCCCCACCAGCTCAGTCAAGGAGGGCTAAATCTCACATGGGAATCAAAGCATCTCAGAAC,GATA2:p.A372T; GATA2:p.R362Q; GATA2:p.R361H; GATA2:p.L359V; GATA2:p.T358N
AML_v2_GATA2_128202719,chr3,128202700,128202720,128202879,128202899,hg19,TACCAGTCTTCGCTTGGGCT,GAGAACTTGCCGGTTAAGCA,TACCAGTCTTCGCTTGGGCTTGATGAGTGGTCGGTTCTGCCCATTCATCTTGTGGTAGAGGCCACAGGCATTGCACAGGTAGTGGCCGGTGCCGTCCCGCCGCCAGAGAGGGGTGGCTGTGGCCCCACAGTTGACACACTCCCGGCCTTCTGCAGGGGAACAGGGAGAGACACGGGGGCCTGCTTAACCGGCAAGTTCTC,GATA2:p.R330L; GATA2:p.L321F; GATA2:p.G320D; GATA2:p.A318V; GATA2:p.N317S; GATA2:p.P304H
AML_v2_KIT_55561605,chr4,55561580,55561606,55561768,55561792,hg19,TGTAGAGTACACAGAAGATGGAACTC,GGATCAGTGCATAACAGCCTAATC,TGTAGAGTACACAGAAGATGGAACTCAGTATTGGAAGAAGTGCTTTATTTCGCCAAGGAAGAAGATCATACTCAACACGATTCTGTTTTTCTTGGCAGGCTCTTCTCAACCATCTGTGAGTCCAGGGGAACCGTCTCCACCATCCATCCATCCAGGAAAATCAGACTTAATAGTCCGCGTGGGCGACGAGATTAGGCTGTTATGCACTGATCC,KIT:p.P34L; KIT:p.D52N
AML_v2_KIT_55569899,chr4,55569876,55569900,55570068,55570095,hg19,TCTGAAACCAGCAGACTAAACTAC,CTGCCAGTAATTTAAACATTCCCATAG,TCTGAAACCAGCAGACTAAACTACAGGAGAAATATAATAGCTGGCATCACGGTGACTTCAATTATGAACGTCAGGCAACGTTGACTATCAGTTCAGCGAGAGTTAATGATTCTGGAGTGTTCATGTGTTATGCCAATAATACTTTTGGATCAGCAAATGTCACAACAACCTTGGAAGTAGTAGGTAAATACCTCTATGGGAATGTTTAAATTACTGGCAG,KIT:p.G265D
AML_v2_KIT_55592099,chr4,55592078,55592100,55592255,55592282,hg19,CCGTTTGGAAAGCTAGTGGTTC,AAATCATGACTGATATGGTAGACAGAG,CCGTTTGGAAAGCTAGTGGTTCAGAGTTCTATAGATTCTAGTGCATTCAAGCACAATGGCACGGTTGAATGTAAGGCTTACAACGATGTGGGCAAGACTTCTGCCTATTTTAACTTTGCATTTAAAGGTAACAACAAAGGTATATTTCTTTTTAATCCAATTTAAGGGGATGTTTAGGCTCTGTCTACCATATCAGTCATGATTT,KIT:p.G487D; KIT:p.G498D
AML_v2_KIT_55593532,chr4,55593510,55593533,55593723,55593744,hg19,CTCTCCAGAGTGCTCTAATGACT,AAAAGGTGACATGGAAAGCCC,CTCTCCAGAGTGCTCTAATGACTGAGACAATAATTATTAAAAGGTGATCTATTTTTCCCTTTCTCCCCACAGAAACCCATGTATGAAGTACAGTGGAAGGTTGTTGAGGAGATAAATGGAAACAATTATGTTTACATAGACCCAACACAACTTCCTTATGATCACAAATGGGAGTTTCCCAGAAACAGGCTGAGTTTTGGTCAGTATGAAACAGGGGCTTTCCATGTCACCTTTT,KIT:p.M552T; KIT:p.W557G; KIT:p.L576P
AML_v2_KIT_55593987,chr4,55593964,55593988,55594159,55594183,hg19,TACCTTGTTGTCTTCCTTCCTACA,GCACTCGCTAAAATTGGAAACATG,TACCTTGTTGTCTTCCTTCCTACAGGGAAAACCCTGGGTGCTGGAGCTTTCGGGAAGGTTGTTGAGGCAACTGCTTATGGCTTAATTAAGTCAGATGCGGCCATGACTGTCGCTGTAAAGATGCTCAAGCGTAAGTTCCTGTATGGTACTGCATGCGCTTGACATCAGTTTGCCAGTTGTGCTTTTTGCTAAAATGCATGTTTCCAATTTTAGCGAGTGC,KIT:p.T594I; KIT:p.A617T; KIT:p.M618I; KIT:p.P627T
AML_v2_KIT_55599293,chr4,55599271,55599294,55599459,55599486,hg19,CCTTACTCATGGTCGGATCACAA,TTTGACTGCTAAAATGTGTGATATCCC,CCTTACTCATGGTCGGATCACAAAGATTTGTGATTTTGGTCTAGCCAGAGACATCAAGAATGATTCTAATTATGTGGTTAAAGGAAACGTGAGTACCCATTCTCTGCTTGACAGTCCTGCAAAGGATTTTTAGTTTCAACTTTCGATAAAAATTGTTTCCTGTGATTTTCATAATGTAAATCCTGTCTAGGGATATCACACATTTTAGCAGTCAAA,KIT:p.D816Y; KIT:p.D820Y; KIT:p.N822Y; KIT:p.Y823D
AML_v2_KIT_55602675,chr4,55602652,55602676,55602838,55602862,hg19,CTTCTATTACAGGCTCGACTACCT,GTTAATCACAAGGAAGCAGGACAC,CTTCTATTACAGGCTCGACTACCTGTGAAGTGGATGGCACCTGAAAGCATTTTCAACTGTGTATACACGTTTGAAAGTGACGTCTGGTCCTATGGGATTTTTCTTTGGGAGCTGTTCTCTTTAGGTAAAATGATCCTTGCCAAAGACAACTTCATTAGACTCAGAGCATCTTCTTGAAGTTTCATTGGTGTCCTGCTTCCTTGTGATTAAC,KIT:p.A837T
AML_v2_TET2_106154951,chr4,106154924,106154952,106155133,106155158,hg19,CAGTTTGCTATGTCTAGGTATTCCGATA,GGTATCAGGAATGGACTTAGTCTGT,CAGTTTGCTATGTCTAGGTATTCCGATATTTATCCACAATTATTCCTTAAGATATATTAGTATTTTTATAGATAGATAGATAGATAGATAGAAATAAACACATTTTAATTTTTGTTTCCATGCTCTTTAGAATTCAACTAGAGGGCAGCCTTGTGGATGGCCCCGAAGCAAGCCTGATGGAACAGGATAGAACCAACCATGTTGAGGGCAACAGACTAAGTCCATTCCTGATACC,TET2:p.V9I; TET2:p.E10Q
AML_v2_TET2_106155178,chr4,106155159,106155179,106155395,106155416,hg19,ATCACCTCCCATTTGCCAGA,AGCCCAGAGAGAGAAGGTTCA,ATCACCTCCCATTTGCCAGACAGAACCTCTGGCTACAAAGCTCCAGAATGGAAGCCCACTGCCTGAGAGAGCTCATCCAGAAGTAAATGGAGACACCAAGTGGCACTCTTTCAAAAGTTATTATGGAATACCCTGTATGAAGGGAAGCCAGAATAGTCGTGTGAGTCCTGACTTTACACAAGAAAGTAGAGGGTATTCCAAGTGTTTGCAAAATGGAGGAATAAAACGCACAGTTAGTGAACCTTCTCTCTCTGGGCT,TET2:p.T27I; TET2:p.L34F; TET2:p.P46L; TET2:p.Q80*; TET2:p.G92R; TET2:p.R96C
AML_v2_TET2_106155489,chr4,106155470,106155490,106155708,106155729,hg19,ACTTCGGGGTAAGCCAAGAA,ACCATTAGGCATTAGCACTGC,ACTTCGGGGTAAGCCAAGAAAGAAATCCAGGTGAAAGCAGTCAACCAAATGTCTCCGATTTGAGTGATAAGAAAGAATCTGTGAGTTCTGTAGCCCAAGAAAATGCAGTTAAAGATTTCACCAGTTTTTCAACACATAACTGCAGTGGGCCTGAAAATCCAGAGCTTCAGATTCTGAATGAGCAGGAGGGGAAAAGTGCTAATTACCATGACAAGAACATTGTATTACTTAAAAACAAGGCAGTGCTAATGCCTAATGGT,TET2:p.D143N; TET2:p.S145N; TET2:p.S152R; TET2:p.P174H
AML_v2_TET2_106155932,chr4,106155914,106155933,106156153,106156173,hg19,GGCAGATCAATTCCGCACA,GCTGCTGGAACCTGAACAGA,GGCAGATCAATTCCGCACAGACCTCTAACTCTGAGCTGCCTCCAAAGCCAGCTGCAGTGGTGAGTGAGGCCTGTGATGCTGATGATGCTGATAATGCCAGTAAACTAGCTGCAATGCTAAATACCTGTTCCTTTCAGAAACCAGAACAACTACAACAACAAAAATCAGTTTTTGAGATATGCCCATCTCCTGCAGAAAATAACATCCAGGGAACCACAAAGCTAGCGTCTGGTGAAGAATTCTGTTCAGGTTCCAGCAGC,TET2:p.E283*; TET2:p.N312S; TET2:p.Q325*
AML_v2_TET2_106156259,chr4,106156238,106156260,106156469,106156489,hg19,ACTTCAAGCAAAGCTCAGTGTT,TAGGACTCTGGGAAGGTGGT,ACTTCAAGCAAAGCTCAGTGTTCACTAAGGATTCCTTTTCTGCCACTACCACACCACCACCACCATCACAATTGCTTCTTTCTCCCCCTCCTCCTCTTCCACAGGTTCCTCAGCTTCCTTCAGAAGGAAAAAGCACTCTGAATGGTGGAGTTTTAGAAGAACACCACCACTACCCCAACCAAAGTAACACAACACTTTTAAGGGAAGTGAAAATAGAGGGTAAACCTGAGGCACCACCTTCCCAGAGTCCTA,TET2:p.Q417*
AML_v2_TET2_106156523,chr4,106156504,106156524,106156742,106156762,hg19,GTATGCAGCCCTTCTCCGAT,GGGGCACAAGATCTCGTGTT,GTATGCAGCCCTTCTCCGATGCTTTCTGAAAGGCCTCAGAATAATTGTGTGAACAGGAATGACATACAGACTGCAGGGACAATGACTGTTCCATTGTGTTCTGAGAAAACAAGACCAATGTCAGAACACCTCAAGCATAACCCACCAATTTTTGGTAGCAGTGGAGAGCTACAGGACAACTGCCAGCAGTTGATGAGAAACAAAGAGCAAGAGATTCTGAAGGGTCGAGACAAGGAGCAAACACGAGATCTTGTGCCCC,TET2:p.Q481*; TET2:p.R544*
AML_v2_TET2_106156812,chr4,106156794,106156813,106157026,106157046,hg19,TGAATTGAAGGCCCCTCGT,TTGGTCCACTGTACCTTGGG,TGAATTGAAGGCCCCTCGTTTTCACCAAGCGGAATCCCATCTAAAACGTAATGAGGCATCACTGCCATCAATTCTTCAGTATCAACCCAATCTCTCCAATCAAATGACCTCCAAACAATACACTGGAAATTCCAACATGCCTGGGGGGCTCCCAAGGCAAGCTTACACCCAGAAAACAACACAGCTGGAGCACAAGTCACAAATGTACCAAGTTGAAATGAATCAAGGGCAGTCCCAAGGTACAGTGGACCAA,TET2:p.Q574*; TET2:p.S588*; TET2:p.Q591*; TET2:p.Q622*; TET2:p.Q635*
AML_v2_TET2_106157098,chr4,106157078,106157099,106157311,106157332,hg19,TGCACTTCTCCAAAACAGACC,GCTGTTGCTGGTTTTGAGGGA,TGCACTTCTCCAAAACAGACCATTTACCAAAAGCTCATGTGCAGTCACTGTGTGGCACTAGATTTCATTTTCAACAAAGAGCAGATTCCCAAACTGAAAAACTTATGTCCCCAGTGTTGAAACAGCACTTGAATCAACAGGCTTCAGAGACTGAGCCATTTTCAAACTCACACCTTTTGCAACATAAGCCTCATAAACAGGCAGCACAAACACAACCATCCCAGAGTTCACATCTCCCTCAAAACCAGCAACAGC,TET2:p.H682Y; TET2:p.S714*; TET2:p.Q734*
AML_v2_TET2_106157447,chr4,106157427,106157448,106157658,106157679,hg19,TGGCCAGACTAAAGTGGAAGA,TTGGGTCTTGTTTCCTGCAAA,TGGCCAGACTAAAGTGGAAGAATGTTTTCATGGTGAAAATCAGTATTCAAAATCAAGCGAGTTCGAGACTCATAATGTCCAAATGGGACTGGAGGAAGTACAGAATATAAATCGTAGAAATTCCCCTTATAGTCAGACCATGAAATCAAGTGCATGCAAAATACAGGTTTCTTGTTCAAACAATACACACCTAGTTTCAGAGAATAAAGAACAGACTACACATCCTGAACTTTTTGCAGGAAACAAGACCCAA,TET2:p.Q810*; TET2:p.S794*; TET2:p.R814C; TET2:p.S825*
AML_v2_TET2_106157777,chr4,106157757,106157778,106157995,106158015,hg19,GGAGCAGAAGTCACAACAAGC,AGACTCAGTTTGGGGTTGCT,GGAGCAGAAGTCACAACAAGCTTCAGTTCTACAGGGATATAAAAATAGAAACCAAGATATGTCTGGTCAACAAGCTGCGCAACTTGCTCAGCAAAGGTACTTGATACATAACCATGCAAATGTTTTTCCTGTGCCTGACCAGGGAGGAAGTCACACTCAGACCCCTCCCCAGAAGGACACTCAAAAGCATGCTGCTCTAAGGTGGCATCTCTTACAGAAGCAAGAACAGCAGCAAACACAGCAACCCCAAACTGAGTCT,TET2:p.G898*; TET2:p.Q913*; TET2:p.Q916*; TET2:p.P941S; TET2:p.Q966*
AML_v2_TET2_106158049,chr4,106158030,106158050,106158268,106158288,hg19,GCACAGGCCAATTAAGGTGG,TGTGACTGGCCCTGACATTT,GCACAGGCCAATTAAGGTGGAACCTGGATGCAAGCCACATGCCTGTATGCACACAGCACCACCAGAAAACAAAACATGGAAAAAGGTAACTAAGCAAGAGAATCCACCTGCAAGCTGTGATAATGTGCAGCAAAAGAGCATCATTGAGACCATGGAGCAGCATCTGAAGCAGTTTCACGCCAAGTCGTTATTTGACCATAAGGCTCTTACTCTCAAATCACAGAAGCAAGTAAAAGTTGAAATGTCAGGGCCAGTCACA,TET2:p.P989L; TET2:p.W1003*; TET2:p.Q1020*; TET2:p.Q1053*
AML_v2_TET2_106158314,chr4,106158294,106158315,106158523,106158544,hg19,GACTAGACAAACCACTGCTGC,AAACGCCATGTGTCTCAGTAC,GACTAGACAAACCACTGCTGCAGAACTTGATAGCCACACCCCAGCTTTAGAGCAGCAAACAACTTCTTCAGAAAAGACACCAACCAAAAGAACAGCTGCTTCTGTTCTCAATAATTTTATAGAGTCACCTTCCAAATTACTAGATACTCCTATAAAAAATTTATTGGATACACCTGTCAAGACTCAATATGATTTCCCATCTTGCAGATGTGTAGGTAAGTGCCAGAAATGTACTGAGACACATGGCGTTT,TET2:p.Q1083*; TET2:p.E1106Q; TET2:p.L1119*
AML_v2_TET2_106158576,chr4,106158546,106158577,106158776,106158805,hg19,TCCAGAATTAGCAAATTTATCTTCAGATATG,AATAGGCGAATTGATCTAAAACAGATACA,TCCAGAATTAGCAAATTTATCTTCAGATATGGGATTTTCCTTCTTTTTTTAAATCTTGAGTCTGGCAGCAATTTGTAAAGGCTCATAAAAATCTGAAGCTTACATTTTTTGTCAAGTTACCGATGCTTGTGTCTTGTGAAAGAGAACTTCACTTACATGCAGTTTTTCCAAAAGAATTAAATAATCGTGCATGTTTATTTTTCCCTCTCTTCAGATCCTGTAAAATTTGAATGTATCTGTTTTAGATCAATTCGCCTATT,TET2:c.3409+70G>A
AML_v2_TET2_106162415,chr4,106162389,106162416,106162596,106162618,hg19,CACTTTTAGAGCCCTTAATGTGTAGTT,GTTAATCTGCCCTGTGCCTTTG,CACTTTTAGAGCCCTTAATGTGTAGTTGGGGGTTAAGCTTTGTGGATGTAGCCTTTATATTTAGTATAATTGAGGTCTAAAATAATAATCTTCTATTATCTCAACAGAGCAAATTATTGAAAAAGATGAAGGTCCTTTTTATACCCATCTAGGAGCAGGTCCTAATGTGGCAGCTATTAGAGAAATCATGGAAGAAAGGTAATTAACGCAAAGGCACAGGGCAGATTAAC,TET2:p.E1144K; TET2:p.Y1148*; TET2:p.N1156I; TET2:p.R1167K
AML_v2_TET2_106163979,chr4,106163953,106163980,106164165,106164192,hg19,TAATTGTATGTGTGTGTGTTTCTGTGG,TTTTAACTGGCATGAGTCTTTGATCTG,TAATTGTATGTGTGTGTGTTTCTGTGGGTTTCTTTAAGGTTTGGACAGAAGGGTAAAGCTATTAGGATTGAAAGAGTCATCTATACTGGTAAAGAAGGCAAAAGTTCTCAGGGATGTCCTATTGCTAAGTGGGTAAGTGTGACTTGATAAAGCCTTTGGTCTTAAATCTTGGGCATTTTGATTTGTAAATCTGACCCTGAGAATTGGGTTACCCAGATCAAAGACTCATGCCAGTTAAAA,TET2:p.Q1170*; TET2:p.E1178*; TET2:p.Q1191*; TET2:p.C1193Y; TET2:p.C1193W; TET2:p.W1198*
AML_v2_TET2_106164725,chr4,106164706,106164726,106164932,106164952,hg19,ATGGAATGGTGATCCACGCA,CCCTGGGCTTCACTTACTCT,ATGGAATGGTGATCCACGCAGGTGGTTCGCAGAAGCAGCAGTGAAGAGAAGCTACTGTGTTTGGTGCGGGAGCGAGCTGGCCACACCTGTGAGGCTGCAGTGATTGTGATTCTCATCCTGGTGTGGGAAGGAATCCCGCTGTCTCTGGCTGACAAACTCTACTCGGAGCTTACCGAGACGCTGAGGAAATACGGCACGCTCACCAATCGCCGGTGTGCCTTGAATGAAGAGTAAGTGAAGCCCAGGG,TET2:p.S1203R; TET2:p.S1204C; TET2:p.R1214W; TET2:p.R1216*; TET2:p.D1242V; TET2:p.Y1245S; TET2:p.Y1255*; TET2:p.R1261C; TET2:p.R1261H; TET2:p.R1262W
AML_v2_TET2_106180745,chr4,106180719,106180746,106180929,106180956,hg19,CTGCACAGCCTATATAATGCTATCCAT,AAGCGATTATACATCAGGAAGTAAACA,CTGCACAGCCTATATAATGCTATCCATAGCAATGAATTTGGTCTTTTGATTTTTCAGGAGAACTTGCGCCTGTCAGGGGCTGGATCCAGAAACCTGTGGTGCCTCCTTCTCTTTTGGTTGTTCATGGAGCATGTACTACAATGGATGTAAGTTTGCCAGAAGCAAGATCCCAAGGAAGTTTAAGCTGCTTGGGGATGACCCAAAAGAGGTTTGTTTACTTCCTGATGTATAATCGCTT,TET2:p.C1271W; TET2:p.F1287S; TET2:p.G1288V; TET2:p.G1288D; TET2:p.C1289F; TET2:p.Y1294C; TET2:p.C1298Y; TET2:p.E1318G
AML_v2_TET2_106182858,chr4,106182830,106182859,106183044,106183072,hg19,TAAGGGGAATAATCTAACTGATAGTCTCT,TTTTGGACATAGGTCATTAGTAACAAGT,TAAGGGGAATAATCTAACTGATAGTCTCTTTTACATAGAGAAAATGGACTTAGAATTTAATATGTAGAATTATTCACTTTATACAGGAAGAGAAACTGGAGTCTCATTTGCAAAACCTGTCCACTCTTATGGCACCAACATATAAGAAACTTGCACCTGATGCATATAATAATCAGGTAAGTTTAAATAATCATTGGCAGCAATTGTAACAACTTACTTGTTACTAATGACCTATGTCCAAAA,TET2:p.L1322Q; TET2:p.E1323*; TET2:p.L1340R
AML_v2_TET2_106190758,chr4,106190734,106190759,106190931,106190955,hg19,ACTTTCGCATTCACACACACTTTTA,CAGTGTGAGAACAGACTCAACAGC,ACTTTCGCATTCACACACACTTTTATTTTTCAGATTGAATATGAACACAGAGCACCAGAGTGCCGTCTGGGTCTGAAGGAAGGCCGTCCATTCTCAGGGGTCACTGCATGTTTGGACTTCTGTGCTCATGCCCACAGAGACTTGCACAACATGCAGAATGGCAGCACATTGGTAAGTTGGGCTGAGGACAGCTTAGCAGCTGTTGAGTCTGTTCTCACACTG,TET2:p.R1359C; TET2:p.R1366H; TET2:p.C1378Y; TET2:p.H1380Y
AML_v2_TET2_106193572,chr4,106193541,106193573,106193755,106193777,hg19,TTTGTTGCTATTTTCATTAATAACAGGTAGGA,CTCATCCTCAGGTTTTCCTCCA,TTTGTTGCTATTTTCATTAATAACAGGTAGGATGGTTTTATGGTAATATATATGTCACTGATCTGGATCAACTAGGCCACCAACACAAATCTGAATACTGAGAGGAGAAAGATACACACACACACACACGTTTTCTTTGGGACCTGTAGTTGAGGCTGTAATGTCTTACTTCCCTACCAGGTATGCACTCTCACTAGAGAAGACAATCGAGAATTTGGAGGAAAACCTGAGGATGAG,TET2:p.C1396W; TET2:p.E1401K; TET2:p.R1404*
AML_v2_TET2_106193797,chr4,106193778,106193798,106194013,106194032,hg19,CAGCTTCACGTTCTGCCTTT,ACGTGATGGGGCTGACTTT,CAGCTTCACGTTCTGCCTTTATACAAAGTCTCTGACGTGGATGAGTTTGGGAGTGTGGAAGCTCAGGAGGAGAAAAAACGGAGTGGTGCCATTCAGGTACTGAGTTCTTTTCGGCGAAAAGTCAGGATGTTAGCAGAGCCAGTCAAGACTTGCCGACAAAGGAAACTAGAAGCCAAGAAAGCTGCAGCTGAAAAGCTTTCCTCCCTGGAGAACAGCTCAAATAAAAATGAAAAGGAAAAGTCAGCCCCATCACGT,TET2:p.R1440Tfs*38; TET2:p.R1452*; TET2:p.R1465*; TET2:p.S1486*
AML_v2_TET2_106194057,chr4,106194036,106194058,106194275,106194295,hg19,AAACAAACTGAAAACGCAAGCC,TTGGTAGGGGTGCATCAGGA,AAACAAACTGAAAACGCAAGCCAGGCTAAACAGTTGGCAGGTAAATTTAATGTAAAGCATTTGTAGATAAATGTGTTGTGTGGTATATTAAAAATGAAAATTATTTTGGTTTTGCCCCCATCAACTTGTAAGTTCTGGGGTACACATGCAGGATGTGCAGGTTTGTTATACAGGTAAACATGTGCCATGGTGATTTGCTGCACAGATCAACCCATTACCTAGGTATTAAGCCCAGCATCTTCCTGATGCACCCCTACCAA,TET2:p.L1511*; TET2:p.A1512V
AML_v2_TET2_106196202,chr4,106196180,106196203,106196404,106196429,hg19,CTGTTCTCTCTTACCCTGTCCAC,TATCTGAAGTGTGTGAAGAGTTTGG,CTGTTCTCTCTTACCCTGTCCACAGAACTTTTGCGACTTTCAGGACCAGTCATGCAGCAGTCCCAGCAGCCCCAGCCTCTACAGAAGCAGCCACCACAGCCCCAGCAGCAGCAGAGACCCCAGCAGCAGCAGCCACATCACCCTCAGACAGAGTCTGTCAACTCTTATTCTGCTTCTGGATCCACCAATCCATACATGAGACGGCCCAATCCAGTTAGTCCTTATCCAAACTCTTCACACACTTCAGATA,TET2:p.R1516*; TET2:p.Q1532*; TET2:p.Q1539*; TET2:p.Q1542*; TET2:p.Q1548*
AML_v2_TET2_106196456,chr4,106196438,106196457,106196672,106196692,hg19,AGCACCAGCCCTATGAACT,GATGGGTGGTAGACTGAGCT,AGCACCAGCCCTATGAACTTCTATTCCACCTCATCTCAAGCTGCAGGTTCATATTTGAATTCTTCTAATCCCATGAACCCTTACCCTGGGCTTTTGAATCAGAATACCCAATATCCATCATATCAATGCAATGGAAACCTATCAGTGGACAACTGCTCCCCATATCTGGGTTCCTATTCTCCCCAGTCTCAGCCGATGGATCTGTATAGGTATCCAAGCCAAGACCCTCTGTCTAAGCTCAGTCTACCACCCATC,TET2:p.Q1624*; TET2:p.Q1652*
AML_v2_TET2_106196791,chr4,106196772,106196792,106197003,106197024,hg19,AGGGAGATGGTTTCAGCAGT,TCCTTGTTTTGGAGATGCAGG,AGGGAGATGGTTTCAGCAGTTGTACCATTAGACCAAATGTACATCATGTAGGGAAATTGCCTCCTTATCCCACTCATGAGATGGATGGCCACTTCATGGGAGCCACCTCTAGATTACCACCCAATCTGAGCAATCCAAACATGGACTATAAAAATGGTGAACATCATTCACCTTCTCACATAATCCATAACTACAGTGCAGCTCCGGGCATGTTCAACAGCTCTCTTCATGCCCTGCATCTCCAAAACAAGGA,TET2:p.V1718L; TET2:p.L1721W; TET2:p.P1723S; TET2:p.R1739I; TET2:p.L1740*; TET2:p.H1757D; TET2:p.I1762V
AML_v2_TET2_106197048,chr4,106197029,106197049,106197258,106197278,hg19,GACATGCTTTCCCACACAGC,TTGACCCATGAGTTGGAGCC,GACATGCTTTCCCACACAGCTAATGGGTTATCAAAGATGCTTCCAGCTCTTAACCATGATAGAACTGCTTGTGTCCAAGGAGGCTTACACAAATTAAGTGATGCTAATGGTCAGGAAAAGCAGCCATTGGCACTAGTCCAGGGTGTGGCTTCTGGTGCAGAGGACAACGATGAGGTCTGGTCAGACAGCGAGCAGAGCTTTCTGGATCCTGACATTGGGGGAGTGGCCGTGGCTCCAACTCATGGGTCAA,TET2:p.C1811R; TET2:p.L1819*; TET2:p.Q1828*; TET2:p.Q1828L; TET2:p.G1861R
AML_v2_TET2_106197355,chr4,106197336,106197356,106197574,106197593,hg19,ATAGGAATCACCCCACCAGG,TGGTCCTTTCGGCAAGAGA,ATAGGAATCACCCCACCAGGATCTCCCTCGTCTTTTACCAGCATAAGAGCATGAATGAGCCAAAACATGGCTTGGCTCTTTGGGAAGCCAAAATGGCTGAAAAAGCCCGTGAGAAAGAGGAAGAGTGTGAAAAGTATGGCCCAGACTATGTGCCTCAGAAATCCCATGGCAAAAAAGTGAAACGGGAGCCTGCTGAGCCACATGAAACTTCAGAGCCCACTTACCTGCGTTTCATCAAGTCTCTTGCCGAAAGGACCA,TET2:p.S1898F; TET2:p.V1900A; TET2:p.H1904R; TET2:p.H1912Y; TET2:p.A1919V; TET2:p.R1926H; TET2:p.P1941S; TET2:p.P1962L; TET2:p.R1966H
AML_v2_TET2_106197618,chr4,106197599,106197619,106197834,106197858,hg19,GTGACCACAGACTCCACAGT,GCCAGTGAAAATTAAGTGCTATGG,GTGACCACAGACTCCACAGTAACTACATCTCCATATGCCTTCACTCGGGTCACAGGGCCTTACAACAGATATATATGATATCACCCCCTTTTGTTGGTTACCTCACTTGAAAAGACCACAACCAACCTGTCAGTAGTATAGTTCTCATGACGTGGGCAGTGGGGAAAGGTCACAGTATTCATGACAAATGTGGTGGGAAAAACCTCAGCTCACCAGCAACAAAAGAGGTTATCTTACCATAGCACTTAATTTTCACTGGC,TET2:p.P1988S; TET2:p.Y1998F; TET2:p.R2000K; TET2:p.I2002K
AML_v2_NPM1_170837412,chr5,170837385,170837413,170837636,170837659,hg19,TTCTTGGAGTCATATCTTTATCTAGAGT,TCTGCATTATAAAAAGGACAGCC,TTCTTGGAGTCATATCTTTATCTAGAGTTAACTCTCTGGTGGTAGAATGAAAAATAGATGTTGAACTATGCAAAGAGACATTTAATTTATTGATGTCTATGAAGTGTTGTGGTTCCTTAACCACATTTCTTTTTTTTTTTTTCCAGGCTATTCAAGATCTCTGGCAGTGGAGGAAGTCTCTTTAAGAAAATAGTTTAAACAATTTGTTAAAAAATTTTCCGTCTTATTTCATTTCTGTAACAGTTGATATCTGGCTGTCCTTTTTATAATGCAGA,NPM1:p.L287F; NPM1:c.860_861insCTGC; NPM1:c.861_862insTGCA; NPM1:c.863_864insCATG; NPM1:c.867_868insAGGA; NPM1:p.W290G
AML_v2_EZH2_148504743,chr7,148504722,148504744,148504948,148504971,hg19,GAGGAGGTAGCAGATGTCAAGG,CTATGAATGTGCCGTTATGCAGG,GAGGAGGTAGCAGATGTCAAGGGATTTCCATTTCTCTTTCGATGCCGACATACTTCAGGGCATCAGCCTGGCTGTATCTGAAACAACAGGAAGGAGATGTCCGCTGGATGGCCACCCATCCAACATGTGCTGAGACTTAACACAACAAAGCCTGCTGAAGATAGTGGGTGCATTAAAATGTCTTTAAAAAAAAAAAAAAAAAAAAAACCCATCCAATTACACAGCTGCCTGCATAACGGCACATTCATAG,EZH2:p.E745K; EZH2:p.I744Mfs*23; EZH2:p.E745Afs*24
AML_v2_EZH2_148506050,chr7,148506026,148506051,148506241,148506265,hg19,AACCTAATTCCCCACTAATGCTCAT,CAGTGTGTCTCTTTGCAGTTATGA,AACCTAATTCCCCACTAATGCTCATGGCAAAGTGACCCATCAAAAGAAGCAAAGAACTAAAAACCCTCCTTTGTCCAGAGTTCACAATCCAGTAGAAAAAGCCCTTAGAGATCATGCTAGAAATGTACTTTACCAACCTGTAATCAAAAAACAGCTCTTCGCCAGTCTGGATGGCTCTCTTGGCAAAAATACCTATCCTGTGATCACCGTTAACCATCATAACTGCAAAGAGACACACTG,EZH2:p.Y731D
AML_v2_EZH2_148506394,chr7,148506372,148506395,148506566,148506589,hg19,AGTTCCAATTCTCACGTCAAAGG,GGCAAACCCTGAAGAACTGTAAC,AGTTCCAATTCTCACGTCAAAGGTACCTACCTTTTGCATAGCAGTTTGGATTTACCGAATGATTTGCAAAACGAATTTTGTTACCCTTGCGGGTTGCATCCACCACAAAATCTAAAAAGAAAAAAGTAAGCACAGCCCAGTGAATAATTTCAGTTATAAGTAAACCAAGTTATTATGATTTTGTAAATGCAACTGGTTACAGTTCTTCAGGGTTTGCC,EZH2:p.S695P; EZH2:p.H694R; EZH2:p.N693K; EZH2:p.R690H; EZH2:p.R684H
AML_v2_EZH2_148507427,chr7,148507405,148507428,148507595,148507618,hg19,CTCCCAGCTCTGAAACATACCAT,TTTGTTGCGTTTTCTCCAGAAGG,CTCCCAGCTCTGAAACATACCATTGTTCAAGTTGAACAGAAAGCTGCACATGTATTTATCATACACTTTCCCTCTTCTGTCAGCTTCATCTTGAGAAATAATCTAAAAAGAAAGACACAGGAGAAAATTCTTTTGGATAAAGGTGATCAAGCCTGACAGAACACACAAAAGCGCACAGAGTGAATACTGGACCTTCTGGAGAAAACGCAACAAA,EZH2:p.N675K; EZH2:p.D664E; EZH2:p.D664G; EZH2:p.A656V
AML_v2_EZH2_148508719,chr7,148508697,148508720,148508905,148508930,hg19,ACAGGTTATCAGTGCCTTACCTC,GAACAAACAGGTCTGAGGATTTACA,ACAGGTTATCAGTGCCTTACCTCTCCACAGTATTCTGAGATGAATTCATTTTTCTGCACAGGATCTTTGATAAAAATCCCCCAGCCTGCCACGTCAGATGGTGCCAGCAATAGATGCTAGAGAATAAAACACAATCACATCATCAAAAAAGGAGGGTGAAAATGGACTGGGGACAAAGTAGACTACAGAATGAAAACAAAAGCTATCACTGTAAATCCTCAGACCTGTTTGTTC,EZH2:p.G648E; EZH2:p.C647R; EZH2:p.Y646N; EZH2:p.E645K; EZH2:p.G628V
AML_v2_EZH2_148511054,chr7,148511033,148511055,148511252,148511276,hg19,AAGTGACTTGTTGCTCACCTTT,TTTTGCATACGGTGATGAGTGAAG,AAGTGACTTGTTGCTCACCTTTTTGGAGCCCCGCTGAATACTGCAGTTCTTGCAGGACACATTTTTACTGTCCCAATGGTCAGCGGCTCCACAAGTAAGACAGAGGTCAGGGTCACACTCTCGGACAGCCAGGTAGCACGGGCACTGCTTGGTGTTGCACTGTGCTTTGCAGCGGCATCCCGGAAAGCGGTTTTGACCTTCAGAGAGAGGTTTGGAGGTTCTTCACTCATCACCGTATGCAAAA,EZH2:p.T573I; EZH2:p.K568E
AML_v2_EZH2_148512017,chr7,148511991,148512018,148512208,148512230,hg19,GCAACAAATACTTACACTCTGAACTAC,ACTCCACAGGTAGTAGGGAAGA,GCAACAAATACTTACACTCTGAACTACATTGACAAAACTTTTCACAAAAATTTTGTGCTATCACACAAGGGCACGAACTGTCACAAGGCTGCCGTGGATGATCACAGGGTTGATAGTTGTAAACATGGTTAGAGGAGCCGTCTGAGTAAAGATAACATCATGCAGGCCAATGAATCCAGGGAGATGGAAACGATCATACACAATTAACACGAGTACATTCTTCCCTACTACCTGTGGAGT,EZH2:p.C548G
AML_v2_EZH2_148514941,chr7,148514918,148514942,148515102,148515124,hg19,CAACACGAACTTTCACAGAACAGT,GGCTTCCCAATAACAGTAGCAG,CAACACGAACTTTCACAGAACAGTAAAACCCAGTTATTAGACGTGTCTTACCAGAGGAGCTCGAAGTTTCATCTTTCTTCTCTTCTTCTTCTTTATCATTGTTCTCTCCCCCCGTTTCAGTCCCTGCTTCCCTATCACTGTCTGTATCCTTTGATTCCAGCACATTAATGGTGGGGGTGCTGGGCCTGCTACTGTTATTGGGAAGCC,EZH2:p.T374Pfs*50
AML_v2_EZH2_148523652,chr7,148523627,148523653,148523839,148523866,hg19,GCTCTCTCTGAACAGATTTAGCATTT,GCTCTTTATCTAAATAGAGCCATTCCT,GCTCTCTCTGAACAGATTTAGCATTTGGTCCATCTATGTTGGGGGTACATTCAGGAGGAAGTGCGCCTGGGAGCTGCTGTTCGGTGAGTTCTTTATATCTGACATTAACCAAGAAAAATTTAAGTAAACATGAAACAAAAATCACTTTTTTGAAAACAGTTTCTAAAAGGTTTCCATGTGTTACTTTTGATGTTTATCTTGCCTAAAACATAAAGGAATGGCTCTATTTAGATAAAGAGC,EZH2:p.G266R; EZH2:p.E249K
AML_v2_EZH2_148525675,chr7,148525654,148525676,148525863,148525888,hg19,TACAGAGTTAGCCACCCTACCT,GAGACGATCCTGAAGAAAGAGAAGA,TACAGAGTTAGCCACCCTACCTGGCCATAATATGTTAATTTTGATTATACTGCTATCAATGTGATATTTAACAAAGAAAGAAAAAGAGAAAGAAGAAACTAAGCCCTATTTCTACTCTTTCTACTGTTTTTGAAAGAAAGCTGTAATGGCTACACAGAATCCTAATAATCAGGCATACCATCTCGGTGATCCTCCAGATCTTTCTGCTTTTCTTCTCTTTCTTCAGGATCGTCTC,EZH2:p.R207*
AML_v2_EZH2_148526763,chr7,148526738,148526764,148526923,148526948,hg19,CTCATGCCCTATATGCTTCATAAACA,TCTTTTAGGTGGAAGATGAAACTGT,CTCATGCCCTATATGCTTCATAAACAAAAGTGTCTCTCAATTCTTTAGCCCCTTTTTCCAAGAGAAGAAGCATATGGCTCACCTCTATCCCCGTGTACTTTCCCATCATAATTTTTTATTAGTTCTTCAATGAAAGTACCATCCTGATCTAAAACTTCATCTCCCATATAAGGAATGTTATGTAAAACAGTTTCATCTTCCACCTAAAAGA,EZH2:p.G155R; EZH2:p.Y153C; EZH2:p.Y133N; EZH2:p.I131N; EZH2:p.H129R
AML_v2_EZH2_148529658,chr7,148529631,148529659,148529863,148529890,hg19,TACTGTCTTGATTCACCTTGACAATAAA,AGGTTGTCCTTTTATTCTTAAGAGTCA,TACTGTCTTGATTCACCTTGACAATAAAATTATCTATGCTTTTTTACTTCAAATAAGTTATTATCAAATAAGCAGAAGATATCTTATTTACATACCATAAAATTCTGCTGTAGGGGAGACCAAGAATACATTATGGGTACTGAAGCAACTGCATTCAGAGTCTTTAATGGGATGACTTGTGTTGGAAAATCCAAGTCACTGGTCACCGAACACTAAAACAGAAAAAATAAAATTGACTCTTAAGAATAAAAGGACAACCT,EZH2:p.M121I
AML_v2_EZH2_148543492,chr7,148543468,148543493,148543666,148543693,hg19,AGGTCAATGATTTCCTCCCAATAAC,AAGAGTATGTTTAGTTCCAATCGTCAG,AGGTCAATGATTTCCTCCCAATAACCAAACAAATGTTCCAATAGCATAAACCAAAAGATGATGATAATTACTACAACATGTTATGTTAACCAACCTCCCTAGTCCCGCGCAATGAGCTCACAGAAGTCAGGATGTGCACAGGCTGTATCCTTCGCTGTTTCCATTCTTGGTTTAAGATTTCCGTTCTTTCCAAAATTTTCTGACGATTGGAACTAAACATACTCTT,EZH2:p.N57Kfs*25
AML_v2_EZH2_148544293,chr7,148544267,148544294,148544468,148544493,hg19,ATTATACCTTTACTTCATCAGCTCGTC,TCTTCACTGATTGTTAGTTTGCTGC,ATTATACCTTTACTTCATCAGCTCGTCTGAACCTCTTGAGCTGTCTCAGTCGCATGTACTCTGATTTTACACGCTTCCGCCAACAAACTGGTCCCTTCTCAGATTTCTTCCCAGTCTGGCCCATGATTATTCTAAAAGCAATGGTTTCATATTAAAATCACTAATCTAACCAGCCTGAATATGATCACCTGTGTTTTAATCCGCAGCAAACTAACAATCAGTGAAGA,EZH2:p.Q28*; EZH2:p.V13A; EZH2:p.M1V
AML_v2_JAK2_5073725,chr9,5073699,5073726,5073872,5073902,hg19,CTTTCTTTGAAGCAGCAAGTATGATGA,CTCCTGTTAAATTATAGTTTACACTGACAC,CTTTCTTTGAAGCAGCAAGTATGATGAGCAAGCTTTCTCACAAGCATTTGGTTTTAAATTATGGAGTATGTGTCTGTGGAGACGAGAGTAAGTAAAACTACAGGCTTTCTAATGCCTTTCTCAGAGCATCTGTTTTTGTTTATATAGAAAATTCAGTTTCAGGATCACAGCTAGGTGTCAGTGTAAACTATAATTTAACAGGAG,JAK2:p.V617F
AML_v2_WT1_32413452,chr11,32413428,32413453,32413608,32413633,hg19,CTAGTCTTTTCCAATCCCTCTCATC,CTAGACCTTCTCTGTCCATTTAGGT,CTAGTCTTTTCCAATCCCTCTCATCACAATTTCATTCCACAATAGTTTAAAAAAATAATGAAAAATAAATGTGAAGAAAAGTTTACGCACTTGTTTTACCTGTATGAGTCCTGGTGTGGGTCTTCAGGTGGTCGGACCGGGAGAACTTTCGCTGACAAGTTTTACACTGGAATGGTTTCACACCTAAATGGACAGAGAAGGTCTAG,WT1:p.H470Y; WT1:p.D469N; WT1:p.R467W; WT1:p.R463*
AML_v2_WT1_32414209,chr11,32414186,32414210,32414382,32414405,hg19,CAGCAATGAGAAGTGAACCTACAA,CCTTAGGCATTTTGGGATCTGTT,CAGCAATGAGAAGTGAACCTACAAACCTGTATGTCTCCTTTGGTGTCTTTTGAGCTGGTCTGAACGAGAAAACCTTCGTTCACAGTCCTTGAAGTCACACTGGTATGGTTTCTCACCTTGGGGAAGACACATATTCTATTTGAAAATGATACTGGAAAAGGGGATCTCATTAAAGGCAACCTCTCCTACTAGGACTGAACAGATCCCAAAATGCCTAAGG,WT1:p.Q442*; WT1:p.R439H; WT1:p.R436K; WT1:p.R435*
AML_v2_WT1_32417780,chr11,32417759,32417781,32417965,32417989,hg19,TCTTGAACCATGTTTGCCCAAG,CTTAAAGCCTCCCTTCCTCTTACT,TCTTGAACCATGTTTGCCCAAGACTGGACAGCGGGCACACTTACCAGTGTGCTTCCTGCTGTGCATCTGTAAGTGGGACAGCTTAAAATATCTCTTATTGCAGCCTGGGTAAGCACACATGAAGGGGCGTTTCTCACTGGTCTCAGATGCCGACCGTACAAGAGTCGGGGCTACTCCAGGCACACGTCGCACATCCTGCAGGCAGAGAGTAAGAGGAAGGGAGGCTTTAAG,WT1:c.1264+3_1264+4insT; WT1:c.1115_1264+1del; WT1:p.S386*; WT1:p.R375P; WT1:p.R374*
AML_v2_WT1_32421532,chr11,32421512,32421533,32421728,32421750,hg19,ACCGTGCGTGTGTATTCTGTA,AGAACCCTGCATCTAAAGTGGC,ACCGTGCGTGTGTATTCTGTATTGGGCTCCGCAGAGGATGGGCGTTGTGTGGTTATCGCTCTCGTACCCTGTGCTGTGGCTGCAAACACAAAGAAGGGAAAAAGGCTCAGTGTGGCTCACAGTCGCCATTTGGAAATGCTTATCTGCAATCAGGAGGGAATGATGGTTTTTAAAGCTCACAGAACAAAAATAGTTGGTTTTTGCCTCCCTCCATGGGGCCACTTTAGATGCAGGGTTCT,WT1:p.G356R
AML_v2_WT1_32439105,chr11,32439083,32439106,32439298,32439321,hg19,AAGTTACTGTGGAAAGGCAATGG,CATTCTGGAAAATGTGGAGGCTT,AAGTTACTGTGGAAAGGCAATGGAATAGAGAAAACCTTACCCCTTTAAGGTGGCTCCTAAGTTCATCTGATTCCAGGTCATGCATTCAAGCTGGGATGTCATTTGGTATAAATTGTCACTGTTAGAAAAACATCTAGAGTTAGAAACACATAACCACAAAATAATACACAACTGTTTCTTCAAAAGCAATGGAGTTTTAACTTTTCTTGAAAGTGCAAGCCTCCACATTTTCCAGAATG,WT1:p.K321*; WT1:p.M302*; WT1:p.L299*
AML_v2_KRAS_25378559,chr12,25378535,25378560,25378767,25378794,hg19,CAGTGTTACTTACCTGTCTTGTCTT,CCAAATTTTATGACAAAAGTTGTGGAC,CAGTGTTACTTACCTGTCTTGTCTTTGCTGATGTTTCAATAAAAGGAATTCCATAACTTCTTGCTAAGTCCTGAGCCTGTTTTGTGTCTACTGTTCTAGAAGGCAAATCACATTTATTTCCTACTAGGACCATAGGTACATCTTCAGAGTCCTTAACTCTTTTAATTTGTTCTCTGGGAAAGAAAAAAAAGTTATAGCACAGTCATTAGTAACACAAATATCTTTCAAAACCTGTCCACAACTTTTGTCATAAAATTTGG,KRAS:p.A146V; KRAS:p.A146T; KRAS:p.K117N
AML_v2_KRAS_25380260,chr12,25380239,25380261,25380453,25380478,hg19,CCTCATGTACTGGTCCCTCATT,AGCAGGAACAATGTCTTTTCAAGTC,CCTCATGTACTGGTCCCTCATTGCACTGTACTCCTCTTGACCTGCTGTGTCGAGAATATCCAAGAGACAGGTTTCTCCATCAATTACTACTTGCTTCCTGTAGGAATCCTGAGAAGGGAGAAACACAGTCTGGATTATTACAGTGCACCTTTTACTTCAAAAAAGGTGTTATATACAACTCAACAACAAAAAATTCAATTTAAAAATGGGCAAAGGACTTGAAAAGACATTGTTCCTGCT,KRAS:p.Q61H; KRAS:p.Q61R; KRAS:p.T58I
AML_v2_KRAS_25398232,chr12,25398207,25398233,25398406,25398433,hg19,CCTCTATTGTTGGATCATATTCGTCC,AGGTGAGTTTGTATTAAAAGGTACTGG,CCTCTATTGTTGGATCATATTCGTCCACAAAATGATTCTGAATTAGCTGTATCGTCAAGGCACTCTTGCCTACGCCACCAGCTCCAACTACCACAAGTTTATATTCAGTCATTTTCAGCAGGCCTTATAATAAAAATAATGAAAATGTGACTATATTAGAACATGTCACACATAAGGTTAATACACTATCAAATACTCCACCAGTACCTTTTAATACAAACTCACCT,KRAS:p.H27Y; KRAS:p.G13D; KRAS:p.G12D; KRAS:p.G12C
AML_v2_PTPN11_112888140,chr12,112888116,112888141,112888328,112888350,hg19,TTTTAGAAGAAATGGAGCTGTCACC,CAGCAGACTTTGTGGTCACTAA,TTTTAGAAGAAATGGAGCTGTCACCCACATCAAGATTCAGAACACTGGTGATTACTATGACCTGTATGGAGGGGAGAAATTTGCCACTTTGGCTGAGTTGGTCCAGTATTACATGGAACATCACGGGCAATTAAAAGAGAAGAATGGAGATGTCATTGAGCTTAAATATCCTCTGAACTGTGCAGATCCTACCTCTGAAAGGTCAGTAACATTTTAGTGACCACAAAGTCTGCTG,PTPN11:p.N58Y; PTPN11:p.G60V; PTPN11:p.D61Y; PTPN11:p.E69K; PTPN11:p.F71L; PTPN11:p.A72V; PTPN11:p.T73I; PTPN11:p.E76K; PTPN11:p.Q79R
AML_v2_PTPN11_112891019,chr12,112890995,112891020,112891212,112891234,hg19,TTAGGTGGTTTCATGGACATCTCTC,AAGGTAACATCTTGCCAGACCC,TTAGGTGGTTTCATGGACATCTCTCTGGGAAAGAAGCAGAGAAATTATTAACTGAAAAAGGAAAACATGGTAGTTTTCTTGTACGAGAGAGCCAGAGCCACCCTGGAGATTTTGTTCTTTCTGTGCGCACTGGTGATGACAAAGGGGAGAGCAATGACGGCAAGTCTAAAGTGACCCATGTTATGATTCGCTGTCAGGTAAATCTCCAGTTGAAAAATGGGTCTGGCAAGATGTTACCTT,PTPN11:p.E139K; PTPN11:p.E139D
AML_v2_PTPN11_112910689,chr12,112910668,112910690,112910882,112910907,hg19,AGAAGTAATGCTGATCCAGGCT,CAGAGGTGCTAGGAATCAAAATCTC,AGAAGTAATGCTGATCCAGGCTTTTTTCTTTTTCTGTGACTCTTTGACACGTAATAATATTGACTTTTCTTTCTTTCCAGACACTACAACAACAGGAGTGCAAACTTCTCTACAGCCGAAAAGAGGGTCAAAGGCAAGAAAACAAAAACAAAAATAGATATAAAAACATCCTGCCCTGTAAGTATCAATATTCCGCTCAGTAATAGTCACTCTTGGAGATTTTGATTCCTAGCACCTCTG,PTPN11:p.F285L
AML_v2_PTPN11_112915401,chr12,112915378,112915402,112915555,112915582,hg19,TGGGGAGTAACTGATTTGAACTGT,TAGGCTAGAAATGTATGGTCAGAAAAC,TGGGGAGTAACTGATTTGAACTGTTTTTTCCTGAAGCAGTCCAGGACTTATGTGACCGTGGTCTCTTTTTCTTCTAGTTGATCATACCAGGGTTGTCCTACACGATGGTGATCCCAATGAGCCTGTTTCAGATTACATCAATGCAAATATCATCATGGTAAGCTTTGCTTTTCACAGTGTTTTCTGACCATACATTTCTAGCCTA,PTPN11:p.F285S; PTPN11:p.M311V
AML_v2_PTPN11_112924215,chr12,112924189,112924216,112924383,112924405,hg19,CCATTGGATTTAGGAAAGCTTAGAACC,CCATGATGCTCTCCTGCTTATG,CCATTGGATTTAGGAAAGCTTAGAACCGGGTGATTCCTCAACCTCTTGATTTATTTAATTCTTTTCTGGTTTTTCTTGGCTCTACTCCAGGGGAATACGGAGAGAACGGTCTGGCAATACCACTTTCGGACCTGGCCGGACCACGGCGTGCCCAGCGACCCTGGGGGCGTGCTGGACTTCCTGGAGGAGGTGCACCATAAGCAGGAGAGCATCATGG,PTPN11:p.D437N
AML_v2_PTPN11_112926226,chr12,112926204,112926227,112926398,112926424,hg19,TGAATGATTCTGTTGTCCCTGCT,GTGAAAGAATTTTCCCATTCAACCTC,TGAATGATTCTGTTGTCCCTGCTTTTTGTCCTTCTGCCCGCAGTGCTGGAATTGGCCGGACAGGGACGTTCATTGTGATTGATATTCTTATTGACATCATCAGAGAGAAAGGTGGGTCATCTGGTGGGCAAGAAGCGACAGTTTCTGTTTTTAGTTTATGGAAGGAAAGTGCTCACGAAAACAGTCTGGGGAAGAGAGGTTGAATGGGAAAATTCTTTCAC,PTPN11:p.A461G; PTPN11:p.G464A
AML_v2_PTPN11_112926847,chr12,112926825,112926848,112927026,112927050,hg19,TAGGTGTTGACTGCGATATTGAC,TCAAAAGGAGAGCGTATCCAAGAG,TAGGTGTTGACTGCGATATTGACGTTCCCAAAACCATCCAGATGGTGCGGTCTCAGAGGTCAGGGATGGTCCAGACAGAAGCACAGTACCGATTTATCTATATGGCGGTCCAGCATTATATTGAAACACTACAGCGCAGGATTGAAGAAGAGCAGGTACCAGCCTGAGGGCTGGCATGCGGATTCTCATTCTCTTGCTAGGCCTCTTGGATACGCTCTCCTTTTGA,PTPN11:p.P491L; PTPN11:p.S502L; PTPN11:p.G503V; PTPN11:p.T507K; PTPN11:p.Q510H
AML_v2_FLT3_28589783,chr13,28589757,28589784,28589953,28589977,hg19,CATATGACCAGACATCACTCTTAATGG,ACGTGAGGAATGTGATTTTCTCAA,CATATGACCAGACATCACTCTTAATGGTGTAGATGCCTTCAAACAGGCTTTCGGGGGCCATCCATTTTACAGGCAGACGGGCCTGTGGAAAACCCAGAGGAGATAAGATGGTGAATTTTCCACATACAGACATGACTTCTTTTCTTTTGTATTAAGATGAAATGCATCATCTTCCTAAGACCACTCTTAATGCCTTATTGAGAAAATCACATTCCTCACGT,FLT3:p.T866A; FLT3:p.A856S
AML_v2_FLT3_28592494,chr13,28592474,28592495,28592706,28592726,hg19,CAGACTGCTGTGAGGGTTTTT,TGTGTTCACAGAGACCTGGC,CAGACTGCTGTGAGGGTTTTTTGATGTTACCATAAATCAAAAATGCACCACAGTGAGTGCAGTTGTTTACCATGATAACGACACAACACAAAATAGCCGTATAAAAATAAGTAGGAAATAGCAGCCTCACATTGCCCCTGACAACATAGTTGGAATCACTCATGATATCTCGAGCCAATCCAAAGTCACATATCTTCACCACTTTCCCGTGGGTGACAAGCACGTTCCTGGCGGCCAGGTCTCTGTGAACACA,FLT3:p.Y842C; FLT3:p.N841K; FLT3:p.N841I; FLT3:p.D839E; FLT3:p.D839G; FLT3:p.S838G; FLT3:p.M837T; FLT3:p.D835E; FLT3:p.D835V; FLT3:p.D835Y; FLT3:p.R834Q; FLT3:p.V819A; FLT3:p.A814V
AML_v2_FLT3_28597520,chr13,28597498,28597521,28597705,28597727,hg19,CCAGAAATTCCATTCCTTTGGCA,GCTTCATGTCTTAGCACCTCAC,CCAGAAATTCCATTCCTTTGGCAACTTGATATGCAAAGCAAAGAAGATCTTCAAATGTAAGCACATTCAAGTCCTCCTCTTCTTCCAGCCTTTTTTGGTTTTCATATTCAATTTCATCTGTAAAATAGAGCCAGTCTTCACTTTTGCCAAAACTCTAAGAAGTTGCCTTATTAAATCTCTATGGGAAGGTTATTCAAGCCAGAGTTAGGTGAGGTGCTAAGACATGAAGC,FLT3:p.T784A; FLT3:p.N781K
AML_v2_FLT3_28601153,chr13,28601131,28601154,28601331,28601358,hg19,GCCTTTAGAAACTGGTCAACGAA,GAATACTGTTGCTATGGTGATCTTCTC,GCCTTTAGAAACTGGTCAACGAAGTGTGTTTGAACAGCACACTTTGCCTACGTTCTATGATGTGTAATTACGAAACCCTGACCCAGCCTCTTACCTGGAATTTGGATGTGATTGGAAAGTGGGGTAAAAACTGAAATTGTGTTCCTTGAAAATCTCTGTCCAAGTCCTGTGAAATTTTTCTCTTTTACTTCTTAGATAGTTGAGAAGATCACCATAGCAACAGTATTC,FLT3:p.Q730*
AML_v2_FLT3_28602324,chr13,28602303,28602325,28602535,28602559,hg19,GAAGTGGGTTACCTGACAGTGT,GCCTGGCTTCTCTCATAATTTTGA,GAAGTGGGTTACCTGACAGTGTGCACGCCCCCAGCAGGTTCACAATATTCTCGTGGCTTCCCAGCTGGGTCATCATCTTGAGTTCTGACATGAGTGCCTCTCTTTCAGAGCTGTCTGCTTTTTCTGTCAAAGAAAGGAGCATTAAAAATGTAAAACTCAAGTAAAATACGAATTTTATGTCATTAAATAAAATTTTTCTCAGCTCAGAGTCAATCTGCATTATTTATTTAAATTCAAAATTATGAGAGAAGCCAGGC,FLT3:p.A680V; FLT3:p.N676K; FLT3:p.N676T; FLT3:p.M664I; FLT3:p.K663R; FLT3:p.M659I
AML_v2_FLT3_28608210,chr13,28608189,28608211,28608371,28608395,hg19,GCAGAAACATTTGGCACATTCC,CAGAACTGCCTATTCCTAACTGAC,GCAGAAACATTTGGCACATTCCATTCTTACCAAACTCTAAATTTTCTCTTGGAAACTCCCATTTGAGATCATATTCATATTCTCTGAAATCAACGTAGAAGTACTCATTATCTGAGGAGCCGGTCACCTGTACCATCTGTAGCTGGCTTTCATACCTAAATTGCTTCAGAGATGAAATGATGAGTCAGTTAGGAATAGGCAGTTCTG,FLT3:p.F594L; FLT3:p.V592A; FLT3:p.L576P; FLT3:p.Y572C
AML_v2_FLT3_28608497,chr13,28608474,28608498,28608670,28608696,hg19,GACAATGAAGAGGAGACAAACACC,TCTGTGGGGAGTAGAGTATATGTAGA,GACAATGAAGAGGAGACAAACACCAATTGTTGCATAGAATGAGATGTTGTCTTGGATGAAAGGGAAGGGGCCTGCAACAAAAGAGTGTCACTCAGCGATGAAACAGAATTCCTGTGTGACATTATAAATAGTGGACAACTCATTATAATCTCTCACATCCTGTTTCAGTAATAATCATTTTCAGTCCTAACAACCACTCTACATATACTCTACTCCCCACAGA,FLT3:p.I548T; FLT3:p.I548V
AML_v2_FLT3_28609594,chr13,28609572,28609595,28609767,28609790,hg19,GGGACTAACTTCTAGTGGGGAAT,AAGGAGTCTGGAATAGAAAGGCT,GGGACTAACTTCTAGTGGGGAATTCCTGATGGTGGAATATCACAAGAACAACTGTTGTACCTGGAGAGTTTAAAAGGATCGTCTCACAAGATGTGCCAAGGGAATTGTATGCACAGCACTTGACCAGGAACCCTTTTATGGCTTCACTCATGTTTAGAGTACTGCTCGACACCCACTGTCCAAACACTTTTCTGTTAGCCTTTCTATTCCAGACTCCTT,FLT3:p.S531C; FLT3:p.S519Y; FLT3:p.I507V; FLT3:p.A506V; FLT3:p.Q494L; FLT3:p.V491L
AML_v2_FLT3_28610043,chr13,28610015,28610044,28610232,28610260,hg19,AATAGGTCAGAGAGTTTTATGTTCTTCCA,GGCTTCACAAAGTATTGGTATTATAGGA,AATAGGTCAGAGAGTTTTATGTTCTTCCATTATAAGAGGCATCAATGTCCTTATTACTTGGGAGACTTGTCTGAACACTTCTTCCAGGTCCAAGATGGTAATGGGTATCCATCCGAGAAACAGGACGCCTGACTTGCCGATGCTTCTGCGAGCACTTGAGGTTTCCCTATAGAAAAGAACGTGTGAAATAAGCTCACTGGCTGGGCATAGTGGTTCACTCCTATAATACCAATACTTTGTGAAGCC,FLT3:p.S451F; FLT3:p.E444V; FLT3:p.E444Q
AML_v2_IDH2_90631760,chr15,90631741,90631761,90631969,90631990,hg19,AGACAAGAGGATGGCTAGGC,TGTCCTCACAGAGTTCAAGCT,AGACAAGAGGATGGCTAGGCGAGGAGCTCCAGTCGGGGGGTGCCCAGGTCAGTGGATCCCCTCTCCACCCTGGCCTACCTGGTCGCCATGGGCGTGCCTGCCAATGGTGATGGGCTTGGTCCAGCCAGGGACTAGGCGTGGGATGTTTTTGCAGATGATGGGCTCCCGGAAGACAGTCCCCCCCAGGATGTTCCGGATAGTTCCATTGGGACTTTTCCACATCTTCTTCAGCTTGAACTCTGTGAGGACA,IDH2:p.R172K; IDH2:p.R172W; IDH2:p.R140Q; IDH2:p.R140W
AML_v2_TP53_7572930,chr17,7572907,7572931,7573105,7573129,hg19,GGAACAAGAAGTGGAGAATGTCAG,TCTTGATTTGAATTCCCGTTGTCC,GGAACAAGAAGTGGAGAATGTCAGTCTGAGTCAGGCCCTTCTGTCTTGAACATGAGTTTTTTATGGCGGGAGGTAGACTGACCCTTTTTGGACTTCAGGTGGCTGTAGGAGACAGAAGCAGGGAGGAGAGATGACATCACATGAGTGAGAGGGTCTGTGCCCCTTTTCCCTGACCAATGCTTTGAAGGGCCTAAGGCTGGGACAACGGGAATTCAAATCAAGA,TP53:p.F346Sfs*37
AML_v2_TP53_7573996,chr17,7573974,7573997,7574154,7574178,hg19,CTTGAGTTCCAAGGCCTCATTCA,CAGCTGTATAGGTACTTGAAGTGC,CTTGAGTTCCAAGGCCTCATTCAGCTCTCGGAACATCTCGAAGCGCTCACGCCCACGGATCTGCAGCAACAGAGGAGGGGGAGAAGTAAGTATATACACAGTACCTGAGTTAAAAGATGGTTCAAGTTACAATTGTTTGACTTTATGACGGTACAAAAGCAACATGCATTTAGTAGAAACTGCACTTCAAGTACCTATACAGCTG,TP53:p.R303*; TP53:p.F302L; TP53:c.877-1G>A
AML_v2_TP53_7576782,chr17,7576760,7576783,7576949,7576976,hg19,CCCAATTGCAGGTAAAACAGTCA,CAGTTATGCCTCAGATTCACTTTTATC,CCCAATTGCAGGTAAAACAGTCAAGAAGAAAACGGCATTTTGAGTGTTAGACTGGAAACTTTCCACTTGATAAGAGGTCCCAAGACTTAGTACCTGAAGGGTGAAATATTCTCCATCCAGTGGTTTCTTCTTTGGCTGGGGAGAGGAGCTGGTGTTGTTGGGCAGTGCTAGGAAAGAGGCAAGGAAAGGTGATAAAAGTGAATCTGAGGCATAACTG,TP53:c.876+1G>A
AML_v2_TP53_7577035,chr17,7577015,7577036,7577242,7577264,hg19,TTACCTCGCTTAGTGCTCCCT,CAGAAAGGACAAGGGTGGTTGG,TTACCTCGCTTAGTGCTCCCTGGGGGCAGCTCGTGGTGAGGCTCCCCTTTCTTGCGGAGATTCTCTTCCTCTGTGCGCCGGTCTCTCCCAGGACAGGCACAAACACGCACCTCAAAGCTGTTCCGTCCCAGTAGATTACCACTACTCAGGATAGGAAAAGAGAAGCAAGAGGCAGTAAGGAAATCAGGTCCTACCTGTCCCATTTAAAAAACCAGGCTCCATCTACTCCCAACCACCCTTGTCCTTTCTG,TP53:p.R251H; TP53:p.R244P; TP53:p.D242H; TP53:p.P239S; TP53:p.A237P; TP53:p.C236Y; TP53:p.C236R; TP53:p.R234H; TP53:p.R234C; TP53:p.V233M; TP53:p.R228P; TP53:p.R228W; TP53:p.G227R; TP53:p.L226P; TP53:p.G223V
AML_v2_TP53_7577424,chr17,7577398,7577425,7577614,7577636,hg19,GTAGTATGGAAGAAATCGGTAAGAGGT,CTCATCTTGGGCCTGTGTTATC,GTAGTATGGAAGAAATCGGTAAGAGGTGGGCCCAGGGGTCAGAGGCAAGCAGAGGCTGGGGCACAGCAGGCCAGTGTGCAGGGTGGCAAGTGGCTCCTGACCTGGAGTCTTCCAGTGTGATGATGGTGAGGATGGGCCTCCGGTTCATGCCGCCCATGCAGGAACTGTTACACATGTAGTTGTAGTGGATGGTGGTACAGTCAGAGCCAACCTAGGAGATAACACAGGCCCAAGATGAG,TP53:p.E219G; TP53:p.I215S; TP53:p.R209Q; TP53:p.R209W; TP53:p.G206D; TP53:p.C203F; TP53:p.S202F; TP53:p.N200D; TP53:p.C199Y; TP53:p.M198I; TP53:p.Y195C; TP53:c.556-1G>A
AML_v2_TP53_7578098,chr17,7578076,7578099,7578292,7578315,hg19,TCAAATAAGCAGCAGGAGAAAGC,TCTGATTCCTCACTGATTGCTCT,TCAAATAAGCAGCAGGAGAAAGCCCCCCTACTGCTCACCTGGAGGGCCACTGACAACCACCCTTAACCCCTCCTCCCAGAGACCCCAGTTGCAAACCAGACCTCAGGCGGCTCATAGGGCACCACCACACTATGTCGAAAAGTGTTTCTGTCATCCAAATACTCCACACGCAAATTTCCTTCCACTCGGATAAGATGCTGAGGAGGGGCCAGACCTAAGAGCAATCAGTGAGGAATCAGA,TP53:p.P184S; TP53:p.Y181C; TP53:p.S176R; TP53:p.R174*; TP53:p.Y166D; TP53:p.V164E; TP53:p.R157P; TP53:p.I156T; TP53:p.H154Y; TP53:c.443-1G>A
AML_v2_TP53_7578383,chr17,7578363,7578384,7578594,7578618,hg19,CTGCTCACCATCGCTATCTGA,CCAGTTGCTTTATCTGTTCACTTG,CTGCTCACCATCGCTATCTGAGCAGCGCTCATGGTGGGGGCAGCGCCTCACAACCTCCGTCATGTGCTGTGACTGCTTGTAGATGGCCATGGCGCGGACGCGGGTGCCGGGCGGGGGTGTGGAATCAACCCACAGCTGCACAGGGCAGGTCTTGGCCAGTTGGCAAAACATCTTGTTGAGGGCAGGGGAGTACTGTAGGAAGAGGAAGGAGACAGAGTTGAAAGTCAGGGCACAAGTGAACAGATAAAGCAACTGG,TP53:p.C137F; TP53:p.R136H; TP53:p.V134L; TP53:p.H129R; TP53:p.Q126*; TP53:p.K125E; TP53:p.Y124C; TP53:p.R119C; TP53:p.G115V; TP53:p.V108I; TP53:p.W107*; TP53:p.V104M; TP53:p.T101I; TP53:p.F95L; TP53:p.K93R; TP53:p.L91V; TP53:c.259-1G>A; TP53:c.259-2A>G
AML_v2_TP53_7579878,chr17,7579859,7579879,7580095,7580118,hg19,TGTTTCCTGACTCAGAGGGG,GGTTGTGGTGAAACATTGGAAGA,TGTTTCCTGACTCAGAGGGGGCTCGACGCTAGGATCTGACTGCGGCTCCTCCATGGCAGTGACCCGGAAGGCAGTCTGGCTGCTGCAAGAGGAAAAGTGGGGATCCAGCATGAGACACTTCCAACCCTGGGTCACCTGGGCCTGCAGAGAAGGAACCCCCTCCCCCAACACCATGCCAGTGTCTGAGACAGCTCGGCTTCCTGTGGAGCAGGAAAAGAATGGCTGCTTCACATTCTCTCTTCCAATGTTTCACCACAACC,TP53:c.-87G>C; TP53:c.-93A>G
AML_v2_SRSF2_74732219,chr17,74732192,74732220,74732430,74732450,hg19,CATTTATGAATTAGGGTTATGTGTCTCG,TCGTTCTCGATCTCGGTCGA,CATTTATGAATTAGGGTTATGTGTCTCGGATTCCCAGACATTACCATTTTCTTAAGAGGACACCGCTCCTTCCTCTTCAGGAGACTTGGGGGGACTCTTCGATCGCGACCTGGATTTGGATTCCCTCTTGGACACTGGGGGAGGACTCCTGGACCGAGACCGGGACCTGGACCGCGAACGAGATCTGGAGACCGACGAGGACTTGGACTTGGACCTTCGTGCGGATCTGGACTTGGAGGTCGACCGAGATCGAGAACGA,SRSF2:p.R167Sfs*74
AML_v2_ASXL1_30956774,chr20,30956750,30956775,30956947,30956969,hg19,GAGGGATTAGGTCTTTAAGTAGGCA,AGTCCAAGAATCACTGCACCAA,GAGGGATTAGGTCTTTAAGTAGGCAGATGGATTGTATAACCCTCATCCATTCTTTTGTGGTTTTACAGTGGGACTTCCCCTCTCGCATGCCTCAATGCTATGCTACATTCCAATTCAAGAGGAGGAGAGGGGTTGTTTTATAAACTGCCTGGCCGAATCAGCCTTTTCACGCTCAAGGTAAGTGATATGAACTCTCTTTTGGTGCAGTGATTCTTGGACT,ASXL1:p.G67*
AML_v2_ASXL1_31015840,chr20,31015814,31015841,31016029,31016051,hg19,GGAACTTGTCAGTATTCTAAATCCCTC,CATCGTTTTCACCACTCACAGT,GGAACTTGTCAGTATTCTAAATCCCTCTTTTTCAAAAGCATACACATTTAGGAATGACTGCCTTGCTTTAAGAATTTGTAGGGTTTTGTTCACCTGAGTTGTACCTTGCTGTCACAGAAGGATGCCCTGCAGTGGTCTCGCCATCCAGCTACAGTGGAGGGAGAGGAGCCAGAGGACACGGCTGATGTGGAGAGCTGTGGGTCTAATGAAGCCAGCACTGTGAGTGGTGAAAACGATG,ASXL1:p.K85R
AML_v2_ASXL1_31021160,chr20,31021138,31021161,31021345,31021366,hg19,GGCTGAAATCAAAAGTGGCTTGT,CTTAGCCTCCCCATCCTTGTA,GGCTGAAATCAAAAGTGGCTTGTGTGTCCCAGGAGAATCAGTGCGTATACAGCGTGGTCCAGCCACCCGACAGCGAGATGGGCATTTTAAGAAACGCTCTCGGCCAGATCTCCGAACCAGAGCCAGAAGGAATCTGTACAAAAAACAGGAGTCAGAACAAGCAGGGGTTGCTAAGGATGCAAAATCTGTGGCCTCAGATGTTCCCCTCTACAAGGATGGGGAGGCTAAG,ASXL1:p.R417*; ASXL1:p.Q428*
AML_v2_ASXL1_31021460,chr20,31021439,31021461,31021634,31021659,hg19,GAATTCCCAGTTGAGTCTGTGG,TCAATTGTGTTACGAAAGGACTGAC,GAATTCCCAGTTGAGTCTGTGGCTTCTCGGATCCAGGCTGAGCCAGACAACTTGGCACGTGCCTCTGCATCTCCAGACAGAATTCCTAGCCTGCCTCAGGAAACTGTGGATCAGGAACCCAAGGATCAGAAGAGGAAATCCTTTGAGCAGGCGGCCTCTGCATCCTTTCCCGAAAAGAAGCCCCGGCTTGAAGATCGTCAGTCCTTTCGTAACACAATTGA,ASXL1:p.Q491*; ASXL1:p.P511S; ASXL1:p.A530E
AML_v2_ASXL1_31022192,chr20,31022169,31022193,31022396,31022417,hg19,TGCTTTACAGTCCCTAGGTCAGAT,TCTATGGCAGTGGTGACCTCT,TGCTTTACAGTCCCTAGGTCAGATCACCCAGTCAGTTAAAACTATTTTCTAATTCTTTTTTTGCAGATTCAACTTTCACGTATCAAACCACCCTGGGTGGTTAAAGGTCAGCCCACTTACCAGATATGCCCCCGGATCATCCCCACCACGGAGTCCTCCTGCCGGGGTTGGACTGGCGCCAGGACCCTCGCAGACATTAAAGCCCGTGCTCTGCAGGTCCGAGGGGCGAGAGGTCACCACTGCCATAGA,ASXL1:p.W583*; ASXL1:p.Q588*; ASXL1:p.R606Q; ASXL1:p.A611T; ASXL1:p.K618*
AML_v2_ASXL1_31022741,chr20,31022720,31022742,31022953,31022978,hg19,TACAGTTGGACTCACAGATGGG,ATCATCTCCCACTAGAGACAGAATG,TACAGTTGGACTCACAGATGGGCTAGGAGATGCCTCCCAACTCCCCGTTGCTCCCACTGGGGACCAGCCATGCCAGGCCTTGCCCCTACTGTCCTCCCAAACCTCAGTAGCTGAGAGATTAGTGGAGCAGCCTCAGTTGCATCCGGATGTTAGAACTGAATGTGAGTCTGGCACCACTTCCTGGGAAAGTGATGATGAGGAGCAAGGACCCACCGTTCCTGCAGACAATGGTCCCATTCTGTCTCTAGTGGGAGATGAT,ASXL1:p.A772T; ASXL1:p.L775*; ASXL1:p.Q778*; ASXL1:p.R786K; ASXL1:p.T787N; ASXL1:p.E797*; ASXL1:p.A809V
AML_v2_ASXL1_31023032,chr20,31023009,31023033,31023226,31023248,hg19,GACAGTCATCCCACTATGAAGGAT,GGGCTGTTTCACTACCTCATCA,GACAGTCATCCCACTATGAAGGATCCTGTAAATGTGACCCCCAGTTCCACACCTGAATCCTCACCGACTGATTGCCTGCAGAACAGAGCATTTGATGACGAATTAGGGCTTGGTGGCTCATGCCCTCCTATGAGGGAAAGTGATACTAGACAAGAAAACTTGAAAACCAAGGCTCTCGTTTCTAACAGTTCTTTGCATTGGATACCCATCCCATCGAATGATGAGGTAGTGAAACAGCCC,ASXL1:p.W898*
AML_v2_ASXL1_31023285,chr20,31023262,31023286,31023471,31023492,hg19,GAGAACACATACCATCTGTTGAGC,TCAGTGCTTCAGAGTCTCCGT,GAGAACACATACCATCTGTTGAGCCCCAGGTTGGAGAGGAGTGGGAGAAAGCTGCTCCCACCCCTCCTGCATTGCCTGGGGATTTGACAGCTGAGGAGGGTCTAGATCCTCTTGACAGCCTTACTTCACTCTGGACTGTGCCATCTCGAGGAGGCAGTGACAGCAATGGCAGTTACTGTCAACAGGTGGACATTGAAAAGCTGAAAATCAACGGAGACTCTGAAGCACTGA,ASXL1:p.G927*; ASXL1:p.W960*; ASXL1:p.K982R
AML_v2_ASXL1_31023578,chr20,31023557,31023579,31023740,31023761,hg19,TGAGGCTGACACTAGAGAAGCT,CAGCAGTAGGGAATCTGGGAT,TGAGGCTGACACTAGAGAAGCTGCAGTGACAAAGGGATCTTCGGTGGACAAGGATGAGAAACCCAATTGGAACCAATCTGCCCCACTGTCCAAGGTGAATGGTGACATGCGTCTGGTTACAAGGACAGATGGGATGGTTGCTCCTCAGAGCTGGGTGTCTCGAGTATGTGCGGTCCGCCAAAAGATCCCAGATTCCCTACTGCTG,ASXL1:p.V1060D
AML_v2_RUNX1_36171592,chr21,36171568,36171593,36171787,36171811,hg19,CTGCAAAGAATGTGTTTTCAAGTGG,TTTTAAATCCCACCCCACTTTACA,CTGCAAAGAATGTGTTTTCAAGTGGCTTACTTGAGAGTCGACTGGAAAGTTCTGCAGAGAGGGTTGTCATGCCGCTGGCACGTCCAGGTGAAATGGGCGTTGCTGGGTGCACAGAAGGAGAGGCAATGGATCCCAGGTATTGGTAGGACTGATCGTAGGACCACGGTGGGGATGGTTGGATCTGCCTTGTATCTGAAGAGAATCAGAAAGGTCAATTATATGTAAAGTGGGGTGGGATTTAAAA,RUNX1:p.E316*; RUNX1:p.S314Cfs*285; RUNX1:p.P304Lfs*7; RUNX1:p.P298Qfs*13; RUNX1:p.Y281*
AML_v2_RUNX1_36206703,chr21,36206684,36206704,36206893,36206913,hg19,AGTGGGCTCCATCTGGTACT,TGCTCCCCACAATAGGACAT,AGTGGGCTCCATCTGGTACTTACCCTGCATCTGACTCTGAGGCTGAGGGTTAAAGGCAGTGGAGTGGTTCAGGGAGGCACGAGGGTTGGGCGTGGGGGCTGGGTGGTGTGGGCTGACCCTCATGGCTGTGCGCCGCAGCTGCTCCAGTTCACTGAGCCGCTCGGAAAAGGACAAGCTCCCGGGCTTGGTCTGATCATCTAGTTTCTGCCGATGTCCTATTGTGGGGAGCA,RUNX1:c.805+1G>A; RUNX1:p.M267I; RUNX1:p.N260K; RUNX1:p.R250C; RUNX1:p.E229*; RUNX1:p.S226R; RUNX1:p.G217R; RUNX1:p.R207Q
AML_v2_RUNX1_36231714,chr21,36231693,36231715,36231914,36231937,hg19,AGACATGGTCCCTGAGTATACC,TTCAACAGATATGTTCAGGCCAC,AGACATGGTCCCTGAGTATACCAGCCTGGAGGGTGTACCAGCCTGGAGGGTGTACCAGCCCCAAGTGGATGCACTTACTTCGAGGTTCTCGGGGCCCATCCACTGTGATTTTGATGGCTCTGTGGTAGGTGGCGACTTGCGGTGGGTTTGTGAAGACAGTGATGGTCAGAGTGAAGCTTTTCCCTGTGGGGACACGATAGAGAACAAAACAGAATGAGGTTGGTGGCCTGAACATATCTGTTGAA,RUNX1:p.R204Q; RUNX1:p.R204*; RUNX1:p.R201Q; RUNX1:p.P200S; RUNX1:p.D198N; RUNX1:p.V197L; RUNX1:p.K171N
AML_v2_RUNX1_36252844,chr21,36252820,36252845,36253024,36253046,hg19,CGTGTTTCAAGCATAGTTTTGACAG,CCTGATGTCTGCATTTGTCCTT,CGTGTTTCAAGCATAGTTTTGACAGATAACGTACCTCTTCCACTTCGACCGACAAACCTGAGGTCATTAAATCTTGCAACCTGGTTCTTCATGGCTGCGGTAGCATTTCTCAGCTCAGCCGAGTAGTTTTCATCATTGCCAGCCATCACAGTGACCAGAGTGCCATCTGGAACATCCCCTAGGGCCACCACCTAAACACCAGTCAAAGGACAAATGCAGACATCAGG,RUNX1:p.R169fs*44; RUNX1:p.G168R; RUNX1:p.S167N; RUNX1:p.R166*; RUNX1:p.G165S; RUNX1:p.R162K; RUNX1:p.D160Y; RUNX1:p.R157*; RUNX1:p.R145T; RUNX1:p.A142D; RUNX1:p.S141*; RUNX1:p.E138G; RUNX1:p.G127D
AML_v2_U2AF1_44514570,chr21,44514550,44514571,44514786,44514808,hg19,TGAGCTTAACAACGGGCACAG,GTGACGGACTTCAGAGAAGCCT,TGAGCTTAACAACGGGCACAGGAATACTCACTTCTTGCGACGGCGGCCATACAGCTCCCGCCGCAGCTCTCTGGAAATGGGCTTCAAATGCATGAAGTTGCAGAAGCCGCCTCGTGTGCATTCTCTGTGGGTGGGTTGGAAGGAGACATTTACTACCTCGTGTGCACACGGCCCCGAACTGTGCTCAGTCACGTCACTGGCCACTCCTCACTCACCCCATCTCATACTGACGGCAGCAGGCTTCTCTGAAGTCCGTCAC,U2AF1:p.R188H; U2AF1:p.Q157P; U2AF1:p.R156H
AML_v2_U2AF1_44524438,chr21,44524417,44524439,44524609,44524634,hg19,AAACAAACCTGGCTAAACGTCG,AAAGTCTGTGTCATGTTTCTGTGAG,AAACAAACCTGGCTAAACGTCGGTTTATTGTGCAACCGAGAGCACCTGTCTCCATGACGACATGCTCCAATTTTGAAATAAAATGAACAGTTGACTCTGTAAGGGAAAATGAGAGCTGATTATTTTGCTGGGAAGATATCAAACACATGGAATATGTCAGCAGCATGACATACACTATCAAATTACTTTTAACCTCACAGAAACATGACACAGACTTT,U2AF1:p.R35L; U2AF1:p.S34F; U2AF1:p.R28H